filename,LCD,PLD,LFPD,cm3_g,ASA_m2_cm3,ASA_m2_g,NASA_m2_cm3,NASA_m2_g,AV_VF,AV_cm3_g,NAV_cm3_g,All_Metals,Has_OMS,Open_Metal_Sites,Extension,FSR_overlap,from_CSD,public,DISORDER,CSD_overlap_inCoRE,CSD_of_WoS_inCoRE,CSD_overlap_inCCDC,date_CSD,DOI_public,Note,Matched_CSD_of_CoRE,Possible_List_CSD_of_CoRE
WAQQUB_clean,3.69238,2.56387,3.69129,1.85312,0,0,26.663,14.3882,0.307,0.165667,0,Zn,No, ,clean,N,Y,Y,,N,,,,,,,
JOJLOK_clean,3.68436,2.87211,3.37819,2.10414,0,0,30.0716,14.2916,0.4164,0.197895,0,Th,Yes,Th,clean,Y,Y,Y,,N,,,,,,,
ANEPIT_clean,3.45333,2.49152,3.2545,1.48465,0,0,1.18871,0.800668,0.394,0.265383,0,Co,Yes,Co,clean,N,Y,Y,,N,,,,,,,
SUHHOT_clean,3.34085,2.62208,3.34085,2.18322,0,0,0,0,0.3694,0.1692,0,La,Yes,La,clean,N,Y,Y,,N,,,,,,,
LAJDUV01_charged,2.79185,2.5501,2.78038,1.59892,0,0,0,0,0.4118,0.25755,0,Ti,No, ,charged,Y,Y,Y,,N,,,,,,,
XUWVUG_clean_h,3.95338,3.75922,3.95195,3.19434,197.336,61.7769,0,0,0.287,0.0898463,0,Eu,Yes,Eu,clean_h,N,Y,Y,,N,,,,,,,
ALALUU01_clean,3.42308,2.87759,3.41148,2.03959,0,0,5.29274,2.595,0.4502,0.22073,0,Pr,Yes,Pr,clean,N,Y,Y,,N,,,,,,,
EKIJEP_clean,2.86618,2.45455,2.86107,1.79721,0,0,0,0,0.3328,0.185176,0,Co,Yes,Co,clean,N,Y,Y,,N,,,,,,,
IVIKAA_clean,3.54836,2.91961,3.54836,1.51762,0,0,45.6578,30.0852,0.4486,0.295595,0,Cd,Yes,Cd,clean,N,Y,Y,,N,,,,,,,
DOLPIF_clean,3.98128,3.36573,3.89185,1.62328,567.67,349.705,0,0,0.4742,0.292124,0,Eu,No, ,clean,Y,Y,Y,,N,,,,,,,
c5dt00281h_c5dt00281h2_clean,3.74835,3.25092,3.50102,1.96839,0,0,109.562,55.6605,0.3844,0.195286,0,Fe,No, ,clean,Y,N,Y,,Y,ZUDWUS,Y,"	16/03/2015",10.1039/c5dt00281h,"1 SI, 2 Structure",ZUDWUS,ZUDWUS
LEDCAA_clean,3.75474,2.61308,3.30325,1.68459,0,0,78.1632,46.399,0.46,0.273064,0,Cd,Yes,Cd,clean,N,Y,Y,,N,,,,,,,
SOJKOT01_clean,3.47216,3.17302,3.47216,1.60583,0,0,20.84,12.9777,0.4446,0.276866,0,Co,No, ,clean,N,Y,Y,,N,,,,,,,
SAJLOH_clean,3.93705,3.25282,3.93705,1.50144,0,0,629.154,419.034,0.5396,0.359388,0,Cu,Yes,Cu,clean,N,Y,Y,,N,,,,,,,
ja5b02777_si_006_clean,3.70012,7,3.69529,1.48055,0,0,189.684,128.118,0.4896,0.330689,0,"Zr,Li",Yes,Li,clean,Y,N,Y,,N,,N,,,,,
PUVREF_clean,3.59577,2.71579,3.58743,1.61482,0,0,46.2779,28.6583,0.5034,0.311738,0,"Ba,Fe",No, ,clean,N,Y,Y,,N,,,,,,,
GIKMOD09_clean,3.94339,2.58011,3.77982,1.89876,0,0,276.112,145.417,0.445,0.234364,0,Cu,Yes,Cu,clean,Y,Y,Y,,N,,,,,,,
NIWZIE14_clean,2.94138,2.45698,2.94138,1.40904,0,0,0,0,0.4354,0.309005,0,Mg,No, ,clean,Y,Y,Y,,N,,,,,,,
XUNTAD_clean,3.83107,2.66972,3.54393,1.13178,0,0,118.943,105.093,0.4358,0.385056,0,Li,Yes,Li,clean,N,Y,Y,,N,,,,,,,
JEXXAM_clean,2.94337,2.48293,2.94337,1.74491,0,0,0,0,0.4284,0.245513,0,Ni,No, ,clean,Y,Y,Y,,N,,,,,,,
QALNIA_clean,3.89192,2.83449,3.88804,1.54295,0,0,282.247,182.927,0.5164,0.334684,0,Sr,Yes,Sr,clean,N,Y,Y,,N,,,,,,,
WUXZAS_clean,3.62559,3.28526,3.61372,1.5914,0,0,123.322,77.4927,0.2856,0.179465,0,Na,Yes,Na,clean,N,Y,Y,DISORDER,N,,,,,,,
OPENIH_clean,3.75861,3.18264,3.75697,1.85018,0,0,124.531,67.3076,0.3276,0.177064,0,Cu,Yes,Cu,clean,Y,Y,Y,,N,,,,,,,
MOQSIV_clean,3.87036,2.48387,3.87036,1.44252,0,0,32.9193,22.8208,0.4068,0.282007,0,Cd,No, ,clean,Y,Y,Y,,N,,,,,,,
DAHWAM_clean,3.62654,2.93078,3.62219,1.84912,0,0,54.4776,29.4613,0.372,0.201176,0,Eu,Yes,Eu,clean,N,Y,Y,,N,,,,,,,
RUGHOS_clean,3.74757,2.86804,3.74757,2.005,0,0,228.769,114.099,0.511,0.254862,0,Ho,Yes,Ho,clean,N,Y,Y,,N,,,,,,,
KIXXOG_clean,3.83742,2.67446,3.83742,1.17163,0,0,569.53,486.1,0.497,0.424195,0,Ca,Yes,Ca,clean,N,Y,Y,,N,,,,,,,
UXEDIL01_clean,3.94683,2.76076,3.9356,2.23926,0,0,217.357,97.0666,0.4156,0.185597,0,Er,No, ,clean,N,Y,Y,,N,,,,,,,
UJOKIP03_clean,3.33523,2.55095,3.33151,1.76871,0,0,0,0,0.3252,0.183863,0,"Cr,Mn",No, ,clean,N,Y,Y,,N,,,,,,,
QAPQAA_charged,3.95107,2.50297,3.95107,1.76912,0,0,97.6659,55.2059,0.3884,0.219544,0,Ag,Yes,Ag,charged,Y,Y,Y,,N,,,,,,,
SABWAU01_clean,2.82012,2.50653,2.82012,1.46396,0,0,0,0,0.3946,0.269543,0,Al,No, ,clean,N,Y,Y,,N,,,,,,,
SETWUL_clean,3.71353,2.9815,3.7011,2.05864,0,0,101.525,49.3167,0.432,0.209847,0,"Mo,Co",Yes,"Mo,Co",clean,Y,Y,Y,,N,,,,,,,
OZUKOK_clean,3.16387,2.62769,3.1385,2.45915,0,0,0,0,0.3182,0.129394,0,Cu,No, ,clean,Y,Y,Y,DISORDER,N,,,,,,,
ZUMNAY_clean,3.7217,2.73118,3.7217,2.00295,0,0,136.592,68.1954,0.4202,0.209791,0,Cd,Yes,Cd,clean,N,Y,Y,,N,,,,,,,
HUCLIB_clean,3.72234,3.34235,3.71043,2.21655,110.7,49.9423,0,0,0.3584,0.161693,0,"Ag,Sm",Yes,Ag,clean,Y,Y,Y,,N,,,,,,,
AMUFEV_clean,3.97307,3.18062,3.97307,1.5412,0,0,402.245,260.994,0.4268,0.276926,0,Co,Yes,Co,clean,Y,Y,Y,,N,,,,,,,
EMOSOP_clean,3.77415,2.42916,3.76668,1.72177,0,0,72.3236,42.0054,0.4154,0.241264,0,Cd,Yes,Cd,clean,N,Y,Y,,N,,,,,,,
QUVFET_clean,3.88602,3.16514,3.79127,2.23795,0,0,231.353,103.377,0.402,0.179629,0,Lu,No, ,clean,N,Y,Y,,N,,,,,,,
RENWEM_clean,3.15125,2.6927,3.15125,1.54991,0,0,0,0,0.4542,0.29305,0,Co,Yes,Co,clean,N,Y,Y,,N,,,,,,,
TEBCEK_clean,3.71564,2.86477,3.71564,1.54308,0,0,37.7648,24.4736,0.3464,0.224486,0,Co,No, ,clean,Y,Y,Y,,N,,,,,,,
UFISOS_clean,3.94581,2.96381,3.94581,1.57373,0,0,459.466,291.959,0.5162,0.32801,0,Fe,No, ,clean,N,Y,Y,,N,,,,,,,
DIVMUR_clean,3.94175,3.3555,3.94175,2.26692,427.505,188.584,199.673,88.081,0.5082,0.224181,0,Er,No, ,clean,Y,Y,Y,,N,,,,,,,
SOJKOT03_clean,3.48714,3.20549,3.48363,1.59604,0,0,30.7555,19.2699,0.4506,0.282323,0,Co,No, ,clean,N,Y,Y,,N,,,,,,,
LUSZOP_clean,3.94831,2.56404,3.94831,1.90006,0,0,273.135,143.75,0.4458,0.234624,0,Cu,Yes,Cu,clean,Y,Y,Y,,N,,,,,,,
TAJVIM_clean,3.84984,2.7265,3.32788,1.35854,0,0,148.221,109.103,0.4768,0.350964,0,Sc,No, ,clean,N,Y,Y,,N,,,,,,,
VELVEO_clean,3.68255,3.48411,3.67149,1.93689,201.323,103.941,0,0,0.4778,0.246685,0,In,No, ,clean,N,Y,Y,,N,,,,,,,
NAVFUM_clean,3.89875,2.74655,3.88187,2.06017,0,0,421.459,204.575,0.4038,0.196003,0,Fe,No, ,clean,Y,Y,Y,,N,,,,,,,
YUNJIB_clean,3.86853,2.66075,3.85925,1.33848,0,0,164.691,123.043,0.5156,0.385212,0,Cu,Yes,Cu,clean,N,Y,Y,,N,,,,,,,
OWIKAI_clean,3.60224,2.65234,3.60224,2.2573,0,0,24.348,10.7864,0.3168,0.140345,0,"Ni,Nb",No, ,clean,Y,Y,Y,,N,,,,,,,
VEHNED_clean,3.80924,2.56225,3.79393,1.43522,0,0,104.753,72.9877,0.3106,0.216413,0,"Na,Ni",Yes,Na,clean,N,Y,Y,,N,,,,,,,
YOCMAF_clean,3.35521,2.8578,3.35521,2.2401,0,0,0.270765,0.120872,0.439,0.195974,0,Dy,Yes,Dy,clean,N,Y,Y,,N,,,,,,,
HABRIN_clean,3.86703,2.43469,3.54029,1.47217,0,0,78.6104,53.3977,0.4136,0.280946,0,Zn,Yes,Zn,clean,Y,Y,Y,,N,,,,,,,
CDLGLU11_clean,3.39379,2.72562,3.37746,1.87407,0,0,9.5878,5.11603,0.433,0.231048,0,Cd,Yes,Cd,clean,N,Y,Y,,N,,,,,,,
SADMIV_clean,3.01628,2.78558,3.01628,1.5669,0,0,0,0,0.4248,0.271109,0,Fe,No, ,clean,Y,Y,Y,,N,,,,,,,
MURNIX_clean,3.37757,2.5632,3.17641,2.3483,0,0,1.34532,0.572892,0.3688,0.15705,0,"Cu,Sm",Yes,"Cu,Sm",clean,N,Y,Y,,N,,,,,,,
MARLUP_clean,3.97179,3.26006,3.94773,1.58166,0,0,394.95,249.707,0.5022,0.317515,0,Ce,Yes,Ce,clean,Y,Y,Y,DISORDER,N,,,,,,,
SUSMIE01_clean,3.95995,2.90462,3.90339,1.58671,0,0,237.138,149.453,0.4094,0.258018,0,Ni,No, ,clean,N,Y,Y,DISORDER,N,,,,,,,
DEPJIR_clean,3.91385,2.51929,3.91385,1.55458,0,0,185.349,119.228,0.4794,0.308379,0,Zn,No, ,clean,Y,Y,Y,,N,,,,,,,
FOHCAH_clean,3.51375,2.9479,3.51375,1.20977,0,0,66.4228,54.9052,0.4604,0.380567,0,Mg,Yes,Mg,clean,N,Y,Y,,N,,,,,,,
TAJXIO_clean,3.69262,3.45097,3.69262,2.33323,96.1718,41.2184,0,0,0.319,0.136721,0,Ag,Yes,Ag,clean,N,Y,Y,,N,,,,,,,
RUGGIL_clean,3.81858,2.92117,3.81858,1.83565,0,0,324.169,176.596,0.5394,0.293847,0,Sm,Yes,Sm,clean,N,Y,Y,,N,,,,,,,
DUNXUH04_clean,4.99541,3.81551,4.9844,1.23241,1776.81,1441.74,0,0,0.5952,0.482957,0,Zn,Yes,Zn,clean,Y,Y,Y,,N,,,,,,,
FEFZOF_clean,4.86334,3.89341,4.85268,1.78217,1115.48,625.914,0,0,0.5442,0.305359,0,"Hg,Co",Yes,Co,clean,N,Y,Y,,N,,,,,,,
KOGYIP_clean,5.27845,4.86254,5.27845,1.3895,794.839,572.034,0,0,0.4714,0.33926,0,Cu,Yes,Cu,clean,Y,Y,Y,,N,,,,,,,
YUBQET_clean,5.81942,4.13008,5.81921,1.08758,1193.63,1097.51,0,0,0.5256,0.483275,0,Co,No, ,clean,N,Y,Y,,N,,,,,,,
MABLAD_clean,5.34449,3.90767,5.34449,1.19766,953.889,796.46,0,0,0.4728,0.394769,0,Co,No, ,clean,Y,Y,Y,,N,,,,,,,
UGAQEY_clean,4.89575,4.03861,4.89307,1.29414,1150.64,889.116,1.22671,0.947894,0.5042,0.389602,0,"Mo,Ni",Yes,Mo,clean,Y,Y,Y,,N,,,,,,,
FALQEQ_clean,5.00067,3.16185,5.00067,1.96255,0,0,163.799,83.4619,0.3282,0.167231,0,"Cu,La",No, ,clean,Y,Y,Y,,N,,,,,,,
IKOSUW_charged,4.07919,3.55335,4.07791,1.12011,691.738,617.562,0.187284,0.167201,0.517,0.461562,0,Cu,Yes,Cu,charged,Y,Y,Y,,N,,,,,,,
XOSQUR_ion_b,4.37136,2.79578,4.20428,2.76683,0,0,193.203,69.8283,0.372,0.13445,0,Zn,No, ,ion_b,N,Y,Y,,N,,,,,,,
HAJYEZ_clean,5.05238,3.74879,4.99149,1.49581,731.65,489.133,0,0,0.4222,0.282255,0,Ni,Yes,Ni,clean,Y,Y,Y,,N,,,,,,,
TERFED_clean,4.51281,3.91001,4.51281,1.28172,1102.17,859.911,0,0,0.5092,0.397278,0,Zn,Yes,Zn,clean,N,Y,Y,DISORDER,N,,,,,,,
YANBAR01_clean,4.64582,3.70971,4.64582,1.82012,796.602,437.666,0,0,0.4462,0.245149,0,Co,No, ,clean,Y,Y,Y,,N,,,,,,,
YOVPEG_clean,4.94412,3.02634,4.84665,1.27362,0,0,312.661,245.491,0.4176,0.327885,0,Co,No, ,clean,N,Y,Y,,N,,,,,,,
BIBMAC_clean,5.44888,3.01221,5.44399,1.74888,0,0,462.588,264.506,0.446,0.255021,0,"Mo,Cd",Yes,"Mo,Cd",clean,N,Y,Y,DISORDER,N,,,,,,,
LECFUW_charged,5.88356,3.55877,5.88356,1.50111,282.937,188.485,487.845,324.99,0.4798,0.31963,0,Cu,Yes,Cu,charged,Y,Y,Y,,N,,,,,,,
ESIGES01_clean,5.30554,4.43053,5.27741,1.28243,1799.46,1403.16,0,0,0.6102,0.475814,0,Zn,No, ,clean,Y,Y,Y,,N,,,,,,,
CUQRIR_clean,5.69204,4.57463,5.69204,1.10643,1361.29,1230.35,0,0,0.5686,0.513906,0,Zn,No, ,clean,Y,Y,Y,,N,,,,,,,
DUKDOD01_clean,4.08448,2.81231,4.06407,1.98165,0,0,204.268,103.08,0.44,0.222037,0,"Ho,Ag",Yes,"Ho,Ag",clean,Y,Y,Y,,N,,,,,,,
HOXKIP_clean,5.63987,3.43131,5.63987,1.70238,1080.26,634.558,0,0,0.5028,0.295352,0,Eu,Yes,Eu,clean,N,Y,Y,,N,,,,,,,
FAZRAA_charged,5.45459,4.79592,5.43006,1.5554,801.166,515.086,0,0,0.4652,0.299087,0,Ag,No, ,charged,Y,Y,Y,,N,,,,,,,
XOQXEH_clean,5.17553,3.13265,4.94244,1.52455,0,0,472.003,309.602,0.4694,0.307895,0,Zn,Yes,Zn,clean,Y,Y,Y,,N,,,,,,,
UDICAN_clean,4.58421,3.93064,4.58097,3.59569,711.428,197.856,0,0,0.4032,0.112134,0,Bi,Yes,Bi,clean,N,Y,Y,,N,,,,,,,
YASNAJ_clean,5.78381,3.22912,5.78381,1.20746,0,0,723.752,599.398,0.482,0.399184,0,Co,No, ,clean,Y,Y,Y,,N,,,,,,,
SIBDEO_clean,4.05172,3.23248,4.05172,1.39183,0,0,169.112,121.503,0.4274,0.307077,0,Cd,Yes,Cd,clean,N,Y,Y,,N,,,,,,,
RIGVOU_clean,4.93156,4.16902,4.92505,2.31703,753.709,325.291,0,0,0.3776,0.162967,0,Eu,No, ,clean,Y,Y,Y,,N,,,,,,,
ACOLIP_clean,4.91034,3.57647,4.78103,1.04949,1065.44,1015.2,0,0,0.5434,0.517777,0,Zn,No, ,clean,Y,Y,Y,,N,,,,,,,
ELILAN_clean,4.95628,3.69174,4.9556,1.61177,1116.59,692.775,0,0,0.4992,0.309722,0,Dy,Yes,Dy,clean,Y,Y,Y,,N,,,,,,,
ic402058f_si_005_clean,5.71457,4.11763,5.69455,1.40487,535.949,381.495,295.743,210.514,0.4902,0.34893,0,Cd,Yes,Cd,clean,Y,N,Y,,Y,PIQQIR,Y,10/12/2013,10.1021/ic402058f,"1 SI, 1 Structure",PIQQIR,
GEDRAK_clean,5.77362,3.92842,5.19693,1.15636,2398.21,2073.93,0,0,0.6018,0.520425,0,Nd,Yes,Nd,clean,Y,Y,Y,,N,,,,,,,
OQUZIL_clean,5.18347,3.94031,4.38977,3.26699,933.452,285.723,0,0,0.4852,0.148516,6.12E-05,"W,Ag",Yes,"W,Ag",clean,Y,Y,Y,,N,,,,,,,
SEMFEX_charged,5.91615,4.07041,5.72647,1.27171,639.129,502.574,287.488,226.064,0.4862,0.38232,0,Co,No, ,charged,N,Y,Y,,N,,,,,,,
VAGTAA01_clean,5.66319,4.40941,5.66319,0.999593,1775.32,1776.04,0,0,0.611,0.611249,0,Mg,Yes,Mg,clean,N,Y,Y,,N,,,,,,,
RINPEJ_charged,4.78251,4.14203,4.781,1.3132,512.248,390.075,3.82003,2.90894,0.4528,0.344805,0,Cd,No, ,charged,Y,Y,Y,,N,,,,,,,
ALOLES_ion_b,5.85254,4.25768,5.80032,2.20818,502.012,227.343,0.475191,0.215196,0.4238,0.191923,0,"Bi,K",Yes,"Bi,K",ion_b,Y,Y,Y,,N,,,,,,,
XUJPOI_clean,5.22333,3.76094,5.20942,1.23729,1450.85,1172.61,0,0,0.566,0.457452,0,Ni,No, ,clean,N,Y,Y,,N,,,,,,,
UGUHAG_clean,4.84717,4.36591,4.84717,1.73201,1080.53,623.859,0,0,0.576,0.332562,0,Lu,Yes,Lu,clean,N,Y,Y,,N,,,,,,,
NOFQIK_clean,4.9549,4.61383,4.95259,1.45912,792.567,543.181,0,0,0.5256,0.360216,0,Cu,Yes,Cu,clean,Y,Y,Y,,N,,,,,,,
LODTAB_clean,4.98387,4.62619,4.98387,1.23288,2036.05,1651.46,0,0,0.5874,0.476445,0,Cd,No, ,clean,Y,Y,Y,DISORDER,N,,,,,,,
USISEW_clean,4.41857,3.83614,4.34351,1.41445,243.314,172.02,0,0,0.4008,0.28336,0,Cu,Yes,Cu,clean,N,Y,Y,,N,,,,,,,
WUNSEE01_charged,5.00556,4.25936,4.99526,1.20903,749.985,620.32,113.34,93.7445,0.4842,0.400487,0,Cd,No, ,charged,N,Y,Y,,N,,,,,,,
FECWOB01_clean,4.17085,3.04516,4.16284,1.57834,0,0,480.944,304.714,0.4434,0.280927,0,Zn,Yes,Zn,clean,Y,Y,Y,,N,,,,,,,
VICYUD_clean,5.57985,4.2436,5.56531,1.15194,1489.65,1293.17,0,0,0.5668,0.492041,0,Zn,Yes,Zn,clean,Y,Y,Y,,N,,,,,,,
TEVZIE_clean,4.89772,3.64059,4.89772,1.88802,794.062,420.579,0,0,0.468,0.247879,0,Zn,No, ,clean,Y,Y,Y,,N,,,,,,,
EMOSOO_clean,4.07662,2.98298,4.05985,2.58243,0,0,460.188,178.2,0.4674,0.180992,0,Zn,Yes,Zn,clean,Y,Y,Y,,N,,,,,,,
KEDJAG26_clean,5.76062,4.63585,5.58828,1.03565,3107.22,3000.25,0,0,0.7004,0.676287,0,Cu,No, ,clean,Y,Y,Y,,N,,,,,,,
XENZEX_clean,4.03588,3.72621,4.02671,3.30835,180.903,54.6807,0,0,0.268,0.0810071,0,Cu,Yes,Cu,clean,N,Y,Y,DISORDER,N,,,,,,,
KEWBUL_clean,5.54329,4.14541,5.54329,1.48949,971.772,652.421,0,0,0.4996,0.335418,0,Eu,Yes,Eu,clean,N,Y,Y,,N,,,,,,,
HOGSIG_clean,5.41082,3.95109,5.41082,1.19816,1084.16,904.86,0,0,0.5322,0.444182,0,Ni,Yes,Ni,clean,Y,Y,Y,,N,,,,,,,
UFEMIC_clean,5.26486,4.19267,5.24985,1.20943,1737.26,1436.43,0,0,0.6508,0.538107,0,Cu,No, ,clean,N,Y,Y,,N,,,,,,,
LADWAR_clean,4.69523,3.00887,4.68206,1.73156,0,0,542.302,313.187,0.4102,0.236896,0,Co,Yes,Co,clean,N,Y,Y,,N,,,,,,,
HIFZAY_charged,4.52081,3.45842,4.52081,1.48786,347.115,233.298,0,0,0.4196,0.282015,0,Cu,Yes,Cu,charged,Y,Y,Y,,N,,,,,,,
PECBOQ_clean,4.1758,2.83331,4.16444,1.8403,0,0,250.614,136.181,0.435,0.236374,0,"Mo,Cu",Yes,"Mo,Cu",clean,N,Y,Y,,N,,,,,,,
MIHBAG_clean,4.75314,2.85432,4.75267,1.28353,0,0,893.71,696.292,0.4942,0.385033,0,Mn,No, ,clean,Y,Y,Y,,N,,,,,,,
BUBQOE_clean,4.52128,3.65213,4.52128,2.72539,937.142,343.857,0,0,0.5338,0.195862,0,U,Yes,U,clean,Y,Y,Y,,N,,,,,,,
CIFJAE_clean,5.80851,5.16856,5.80851,1.17303,1403.54,1196.51,0,0,0.544,0.463755,0,Mn,Yes,Mn,clean,N,Y,Y,,N,,,,,,,
IGUCEU_clean,4.52933,3.82475,4.49997,1.71915,529.35,307.913,0,0,0.4484,0.260826,0,Gd,No, ,clean,Y,Y,Y,DISORDER,N,,,,,,,
RORLIV_clean,5.0614,3.45442,5.0614,1.30915,1167.77,892.008,0,0,0.6106,0.466408,0,Cd,No, ,clean,Y,Y,Y,,N,,,,,,,
UGUQOC_charged,5.44159,3.98171,5.43587,1.19373,1327.79,1112.3,0,0,0.547,0.458227,0,Zn,No, ,charged,N,Y,Y,,N,,,,,,,
HOPYEQ_clean,4.00073,3.18451,3.73972,2.2255,0,0,323.535,145.376,0.494,0.221973,0,Zn,No, ,clean,Y,Y,Y,,N,,,,,,,
NEHMUJ_clean,4.41659,3.35369,4.41659,1.33273,474.416,355.973,0,0,0.4204,0.315443,0,Co,No, ,clean,Y,Y,Y,DISORDER,N,,,,,,,
FONQIJ_clean,4.70842,3.66843,4.69527,1.05376,821.167,779.27,0,0,0.51,0.483979,0,"Na,Mn",Yes,"Na,Mn",clean,N,Y,Y,,N,,,,,,,
DIBWUH_clean,4.03722,2.63218,4.03037,1.44455,0,0,359.694,249.001,0.5128,0.35499,0,Ni,Yes,Ni,clean,N,Y,Y,,N,,,,,,,
KONCIA_clean,4.36737,3.44948,4.36567,1.89084,688.357,364.048,0,0,0.4706,0.248884,0,Pr,No, ,clean,N,Y,Y,,N,,,,,,,
FOLLEZ_clean,4.11323,3.75301,4.10779,1.67795,655.16,390.454,0,0,0.4424,0.263656,0,"Cd,Mg",Yes,Mg,clean,N,Y,Y,,N,,,,,,,
MAKHAJ_clean,5.36353,4.34017,5.23294,1.65348,1412.13,854.037,0,0,0.5972,0.361179,0,Zn,No, ,clean,Y,Y,Y,,N,,,,,,,
LIFWOO_clean,4.98366,4.55513,4.98366,1.07707,1107.59,1028.34,0,0,0.5242,0.486692,0,"Zn,Si",No, ,clean,Y,Y,Y,,N,,,,,,,
ORAKUO_clean,5.30011,2.5056,5.28021,2.91365,0,0,320.301,109.931,0.391,0.134196,0,"Yb,K,Re",Yes,"Yb,K",clean,Y,Y,Y,,N,,,,,,,
UGUXAV_clean,4.02254,3.27151,4.02254,1.39757,0,0,306.841,219.553,0.5282,0.377941,0,Cd,No, ,clean,N,Y,Y,,N,,,,,,,
QUFGED_clean,5.36015,3.38006,5.36015,1.61094,1011.12,627.662,9.15418,5.68251,0.5046,0.313234,0,"Mg,Al",Yes,"Mg,Al",clean,Y,Y,Y,,N,,,,,,,
TIMMIM_charged,4.78334,2.83048,4.7763,1.4581,0,0,450.085,308.678,0.4514,0.30958,0,Ag,Yes,Ag,charged,N,Y,Y,,N,,,,,,,
CUYYAX_clean,5.04944,3.83367,4.87007,1.16048,1383,1191.75,0,0,0.5718,0.492727,0,Cd,Yes,Cd,clean,N,Y,Y,,N,,,,,,,
YEZSEC01_clean,5.77745,2.40372,5.76615,1.81695,0,0,284.643,156.66,0.4432,0.243925,0,"Gd,Mn",No, ,clean,N,Y,Y,,N,,,,,,,
DAGJED_clean,5.20512,3.82408,5.11079,1.13589,1063.56,936.32,0,0,0.5332,0.469412,0,Cd,Yes,Cd,clean,Y,Y,Y,,N,,,,,,,
NIHBAI_clean,4.7247,3.65018,4.71583,1.7748,745.205,419.881,0,0,0.4386,0.247126,0,Fe,No, ,clean,Y,Y,Y,,N,,,,,,,
UXABUR_clean,5.25063,5.01707,5.2326,1.46007,406.574,278.462,0,0,0.4604,0.315327,0,Y,Yes,Y,clean,Y,Y,Y,,N,,,,,,,
QOJTUE_clean,4.99075,4.07072,4.98875,1.39072,1473.66,1059.64,0,0,0.5964,0.428841,0,Cu,Yes,Cu,clean,Y,Y,Y,,N,,,,,,,
LUFQUZ_clean,4.20915,3.71253,4.20915,1.48805,761.664,511.852,0,0,0.4716,0.316924,0,"Ni,Fe",Yes,Ni,clean,Y,Y,Y,,N,,,,,,,
SUKREX_clean,5.76528,3.44001,5.76528,2.05587,771.787,375.407,0,0,0.4332,0.210714,0,La,Yes,La,clean,N,Y,Y,,N,,,,,,,
ROCZAM_clean,5.6803,4.28854,5.40999,1.1313,2335.01,2064,0,0,0.6432,0.568548,0,Cd,Yes,Cd,clean,Y,Y,Y,,N,,,,,,,
XEFKOI_clean,4.24138,4.03203,4.24093,1.2014,660.067,549.414,0,0,0.487,0.40536,0,Cu,No, ,clean,N,Y,Y,,N,,,,,,,
QUSCEN_clean,5.44405,4.31312,5.4378,1.17461,1160.52,988.008,0,0,0.5346,0.455132,0,"Cd,Li",No, ,clean,Y,Y,Y,,N,,,,,,,
WAGLEY_clean,4.62509,2.98811,4.6134,1.53928,0,0,443.935,288.404,0.416,0.270256,0,Cd,Yes,Cd,clean,N,Y,Y,,N,,,,,,,
PUGHAC_clean,5.49626,2.91318,5.43273,1.24413,0,0,858.166,689.775,0.4944,0.397388,0,Mn,Yes,Mn,clean,N,Y,Y,,N,,,,,,,
HOJNIF_clean,4.00485,3.015,3.81492,1.23402,0,0,162.531,131.709,0.5098,0.413123,0,Sc,No, ,clean,Y,Y,Y,,N,,,,,,,
LOQSOA_clean,4.80314,3.14023,4.78401,1.30488,0,0,372.6,285.543,0.4468,0.342406,0,Tb,No, ,clean,Y,Y,Y,,N,,,,,,,
UXABOL_clean,5.3893,5.04349,5.3893,1.74291,842.153,483.187,0,0,0.4972,0.28527,0,Er,Yes,Er,clean,Y,Y,Y,,N,,,,,,,
UMAROR_clean,4.34972,2.76546,4.31289,1.96709,0,0,679.956,345.667,0.466,0.236899,0,Ag,Yes,Ag,clean,N,Y,Y,,N,,,,,,,
ZOXVEP_clean,5.87141,3.21635,5.85418,1.91494,0,0,638.808,333.592,0.4284,0.223715,0,"Dy,Co",Yes,Dy,clean,N,Y,Y,,N,,,,,,,
HUZLIY_clean,5.13042,3.32571,5.12351,2.29627,857.325,373.355,0,0,0.4596,0.200151,0,In,No, ,clean,Y,Y,Y,,N,,,,,,,
SEMPUX_clean,5.04918,3.74577,5.04918,1.19122,1105.38,927.933,0,0,0.5206,0.43703,0,Co,No, ,clean,N,Y,Y,DISORDER,N,,,,,,,
ic402058f_si_002_clean,5.68988,4.36716,5.68491,1.37492,565.476,411.28,350.976,255.27,0.5054,0.367586,0,Cd,Yes,Cd,clean,Y,N,Y,,Y,PIQPUC,Y,10/12/2013,10.1021/ic402058f,"1 SI, 1 Structure",PIQPUC,
BUBDIL_clean,5.70155,3.91667,5.70155,1.85146,1136.94,614.08,0,0,0.4316,0.233114,0,"K,Mn",Yes,"K,Mn",clean,Y,Y,Y,DISORDER,N,,,,,,,
IVEQEG_clean,4.62536,3.17511,4.62536,1.52175,0,0,530.049,348.315,0.4134,0.27166,0,Al,No, ,clean,Y,Y,Y,,N,,,,,,,
VONSAU_clean,4.0476,3.39943,4.03063,2.04384,527.682,258.181,0,0,0.3906,0.191111,0,Sm,No, ,clean,N,Y,Y,DISORDER,N,,,,,,,
XOVPIH_clean,4.3234,3.46915,4.32329,1.51036,756.835,501.096,0,0,0.4966,0.328796,0,Ce,Yes,Ce,clean,Y,Y,Y,,N,,,,,,,
WEYQAU10_clean,4.56818,3.83214,4.56487,1.10391,1656.82,1500.86,0,0,0.5884,0.533013,0,Mn,No, ,clean,N,Y,Y,,N,,,,,,,
XOCWIX_clean,5.47886,3.44903,5.47476,2.18371,1125.64,515.471,0.227584,0.104219,0.5372,0.246003,0,"Ho,U",Yes,"Ho,U",clean,N,Y,Y,,N,,,,,,,
QADWIE_clean,4.58512,3.92708,4.57664,1.84741,722.607,391.146,0,0,0.4522,0.244775,0,Gd,No, ,clean,Y,Y,Y,,N,,,,,,,
QIBTEA_charged,4.9353,3.89407,4.5236,1.1906,316.412,265.757,11.2356,9.43686,0.4206,0.353266,0,La,No, ,charged,Y,Y,Y,,N,,,,,,,
QOYLOG_clean,5.80261,4.54109,5.79964,1.48289,1070.97,722.217,0,0,0.498,0.335831,0,Ni,Yes,Ni,clean,N,Y,Y,,N,,,,,,,
FATKIW_clean,4.92999,3.7145,4.92517,1.89194,1016.62,537.341,0,0,0.477,0.252122,0,Sm,Yes,Sm,clean,Y,Y,Y,,N,,,,,,,
UVUFIC_clean,4.23935,2.61208,4.23876,1.67153,0,0,45.5574,27.2549,0.3376,0.201971,0,Mn,Yes,Mn,clean,N,Y,Y,DISORDER,N,,,,,,,
IGUCET_clean,4.78088,3.21252,3.94517,2.07477,0,0,538.613,259.601,0.533,0.256896,0,Zn,No, ,clean,Y,Y,Y,,N,,,,,,,
AVAGIP_clean,4.84155,4.68679,4.83529,1.40449,799.444,569.206,0,0,0.4578,0.325955,0,Ag,Yes,Ag,clean,Y,Y,Y,,N,,,,,,,
ITIWIS_charged,5.15312,4.22321,5.15312,1.21722,755.895,621,81.5581,67.0034,0.4796,0.394012,0,Cd,No, ,charged,Y,Y,Y,,N,,,,,,,
WEXQOF01_clean,4.92443,2.70614,4.92443,1.70669,0,0,789.136,462.378,0.5118,0.299878,0,Co,Yes,Co,clean,N,Y,Y,,N,,,,,,,
RAVDOJ_clean,4.60273,2.51774,4.59591,1.83084,0,0,310.805,169.761,0.4034,0.220336,0,Tb,No, ,clean,N,Y,Y,,N,,,,,,,
OREZAO_clean,5.17632,3.04183,4.93907,1.44189,0,0,414.568,287.517,0.5022,0.348293,0,"Ca,Cu",Yes,Cu,clean,Y,Y,Y,,N,,,,,,,
KANDAG_clean,4.72415,2.9462,4.67451,1.37776,0,0,457.755,332.245,0.4626,0.335762,0,Zn,Yes,Zn,clean,Y,Y,Y,,N,,,,,,,
HUNCUQ_clean,4.96862,3.07482,4.94534,1.29845,0,0,839.193,646.306,0.5152,0.396782,0,Zn,Yes,Zn,clean,N,Y,Y,,N,,,,,,,
RIBDAJ_clean,5.97505,5.0342,5.95251,0.92739,2392.13,2579.42,0,0,0.666,0.718144,0,Ni,No, ,clean,N,Y,Y,,N,,,,,,,
NOFRIK_clean,4.43188,3.71354,4.43188,2.7873,333.157,119.527,0,0,0.2724,0.0977288,0,"Cu,Tb",Yes,Cu,clean,Y,Y,Y,DISORDER,N,,,,,,,
CAWDOU01_charged,4.18148,2.61978,4.18148,1.47064,0,0,265.886,180.795,0.4316,0.293477,0,Cu,Yes,Cu,charged,Y,Y,Y,,N,,,,,,,
OQEPEG_clean,4.87959,3.34342,4.87959,1.83419,761.801,415.334,0,0,0.4176,0.227676,0,Mn,Yes,Mn,clean,N,Y,Y,DISORDER,N,,,,,,,
LUSHOX04_clean,5.42751,4.95925,5.42646,1.17969,1336.79,1133.18,0,0,0.5422,0.459613,0,Mn,Yes,Mn,clean,N,Y,Y,,N,,,,,,,
ABEXEM_clean,4.82084,4.14331,4.80387,1.76082,968.791,550.193,3.54724,2.01454,0.494,0.280551,0,La,Yes,La,clean,Y,Y,Y,,N,,,,,,,
OKIVIO01_charged,5.17671,4.20625,5.168,1.3234,781.606,590.603,0,0,0.4572,0.345473,0,Cd,No, ,charged,Y,Y,Y,,N,,,,,,,
ic025743v_s1_clean,5.43084,3.59671,5.41371,0.985749,2031.66,2061.03,0,0,0.67,0.679686,0,Cu,Yes,Cu,clean,Y,N,Y,,N,,Y,28/10/2002,10.1021/ic025743v,"1 SI, 4 Structure",UGUTOF,UGUTOF
XOTXUB_clean,4.27674,3.47607,4.14843,1.21704,316.782,260.289,0,0,0.4284,0.352001,0,Mn,Yes,Mn,clean,Y,Y,Y,,N,,,,,,,
TAYNEN_clean,5.31191,3.45332,5.31191,1.3024,757.68,581.756,0,0,0.4834,0.371161,0,Cd,No, ,clean,Y,Y,Y,,N,,,,,,,
AGAYOW_clean,5.75249,2.57901,5.75249,1.68923,0,0,902.37,534.192,0.5038,0.298243,0,Cu,Yes,Cu,clean,N,Y,Y,DISORDER,N,,,,,,,
POKTAM_clean,4.02027,2.97364,4.00657,1.96699,0,0,216.454,110.044,0.3824,0.194409,0,"Pr,Cu",Yes,Pr,clean,N,Y,Y,,N,,,,,,,
WUTKIG_clean,4.92252,4.16141,4.92016,1.02848,1305.43,1269.29,149.801,145.653,0.5256,0.511047,0,Co,Yes,Co,clean,N,Y,Y,,N,,,,,,,
SUJREV_clean,4.09412,3.04808,3.93219,1.22146,0,0,509.063,416.767,0.4792,0.392318,0,Zn,No, ,clean,Y,Y,Y,,N,,,,,,,
TILDIC_clean,4.17022,3.27836,4.14506,2.02301,0,0,352.602,174.296,0.4234,0.209292,0,Tb,Yes,Tb,clean,Y,Y,Y,,N,,,,,,,
VOXYUE_clean,4.28545,3.52898,4.277,1.97331,1033.2,523.587,0,0,0.5514,0.279428,0,Cd,No, ,clean,N,Y,Y,,N,,,,,,,
YAZZAC_clean,4.64776,3.18674,4.48578,2.01362,0,0,508.258,252.41,0.4176,0.207388,0,Gd,Yes,Gd,clean,Y,Y,Y,,N,,,,,,,
ic402058f_si_004_clean,5.82311,4.37702,5.76138,1.28628,1179.38,916.891,0,0,0.5444,0.423237,0,Cd,Yes,Cd,clean,Y,N,Y,,Y,PIQQEN,Y,10/12/2013,10.1021/ic402058f,"1 SI, 1 Structure",PIQQEN,
OKITIM01_charged,5.14979,4.19464,5.14143,1.33255,758.767,569.409,0,0,0.4472,0.335597,0,Cd,No, ,charged,Y,Y,Y,,N,,,,,,,
DOYSIT_clean,5.27709,3.01376,5.27709,0.836624,0,0,1038.77,1241.62,0.559,0.668162,0,"Cr,K",Yes,K,clean,Y,Y,Y,,N,,,,,,,
DADNOO_clean,4.73082,3.55854,4.7198,1.89726,1369.77,721.97,0,0,0.558,0.294108,0,"Dy,Fe",No, ,clean,Y,Y,Y,,N,,,,,,,
YAJXIT_clean,5.12079,3.85633,4.1425,1.60147,940.147,587.051,0,0,0.5148,0.321454,0,"Cu,U",Yes,U,clean,N,Y,Y,,N,,,,,,,
COKROL_clean,5.12764,4.65835,5.12764,1.20027,1190.29,991.679,0,0,0.5368,0.447232,0,In,Yes,In,clean,Y,Y,Y,,N,,,,,,,
QITDII_clean,4.34679,2.45787,4.34679,1.39504,0,0,291.625,209.044,0.4084,0.292751,0,Mn,Yes,Mn,clean,N,Y,Y,,N,,,,,,,
UBOGAV_clean,5.07523,3.09037,5.07523,2.28893,0,0,779.414,340.515,0.474,0.207084,0,"Cu,U",Yes,"Cu,U",clean,Y,Y,Y,,N,,,,,,,
XINJAH_clean,5.1973,3.21133,5.19593,1.54154,0,0,680.443,441.406,0.4512,0.292695,0,La,No, ,clean,N,Y,Y,,N,,,,,,,
IGINIX_clean,5.75448,3.84672,5.66179,1.27352,1748.75,1373.16,0,0,0.5668,0.445064,0,Zn,Yes,Zn,clean,Y,Y,Y,,N,,,,,,,
OXANUX_clean,5.94515,4.53193,5.92516,1.09636,1861.76,1698.12,0,0,0.586,0.534494,0,Co,Yes,Co,clean,Y,Y,Y,DISORDER,N,,,,,,,
BENXUP_clean,4.10218,3.42336,4.09595,1.4733,653.043,443.252,0,0,0.4814,0.32675,0,Zn,Yes,Zn,clean,Y,Y,Y,,N,,,,,,,
HIVQAG_clean,4.56149,2.54121,4.4986,1.42877,0,0,454.442,318.065,0.4028,0.281921,0,Mn,No, ,clean,Y,Y,Y,,N,,,,,,,
FEJDEE_clean,4.71312,2.87829,4.7021,1.83643,0,0,738.757,402.279,0.5676,0.309078,0,Zn,Yes,Zn,clean,Y,Y,Y,,N,,,,,,,
FATKAO_clean,4.65609,3.80909,4.65088,1.95034,1014.02,519.916,0,0,0.465,0.238419,0,Gd,Yes,Gd,clean,Y,Y,Y,,N,,,,,,,
WECSAZ_clean,4.83213,2.69723,4.83213,1.58691,0,0,659.055,415.308,0.4996,0.314826,0,Eu,Yes,Eu,clean,N,Y,Y,,N,,,,,,,
CAKYEU_clean,4.05316,2.75795,3.99799,2.07535,0,0,214.801,103.501,0.4688,0.22589,0,Ho,Yes,Ho,clean,N,Y,Y,,N,,,,,,,
BARZUR_clean,5.4946,5.30289,5.4946,0.925783,1729.65,1868.31,0,0,0.6062,0.654797,0,Zn,Yes,Zn,clean,Y,Y,Y,,N,,,,,,,
IQEWOQ_clean,5.16976,4.01341,5.16976,1.5881,979.709,616.905,0,0,0.4814,0.303129,0,Mn,No, ,clean,Y,Y,Y,,N,,,,,,,
PIGHIX01_clean,4.25504,3.06381,4.24963,1.27158,0,0,717.148,563.982,0.4716,0.370877,0,Cu,Yes,Cu,clean,Y,Y,Y,,N,,,,,,,
EPAVAU_clean,5.39915,3.19554,5.39394,1.64446,0,0,782.223,475.67,0.5138,0.312442,0,Tb,Yes,Tb,clean,Y,Y,Y,,N,,,,,,,
MOFBIU_clean,4.73204,4.05435,4.73204,1.35155,598.778,443.031,0,0,0.4396,0.325256,0,Cd,Yes,Cd,clean,N,Y,Y,,N,,,,,,,
LIDZOP_clean,5.56488,4.14994,5.56158,1.64984,557.624,337.986,0,0,0.3922,0.23772,0,Sr,No, ,clean,Y,Y,Y,,N,,,,,,,
KICXAX_clean,5.16268,4.57333,5.16268,3.58491,368.423,102.77,1.6771,0.467821,0.3658,0.102039,0,"As,W,Co",Yes,"W,Co",clean,Y,Y,Y,,N,,,,,,,
LIHSIF_clean,4.51896,2.5942,4.51896,1.93607,0,0,481.798,248.853,0.471,0.243276,0,Cd,Yes,Cd,clean,Y,Y,Y,,N,,,,,,,
TALJUM_charged,5.82492,2.57519,5.82492,1.28861,0,0,1107.49,859.446,0.5138,0.398724,0,Cu,Yes,Cu,charged,N,Y,Y,,N,,,,,,,
MEKBAH_clean,5.23285,3.40673,4.67793,1.83571,402.852,219.453,27.5563,15.0113,0.421,0.229339,0,Tb,Yes,Tb,clean,Y,Y,Y,,N,,,,,,,
HEGPAL_clean,5.89979,4.82106,5.89979,1.93984,705.302,363.588,0,0,0.4094,0.211048,0,"Ga,Co",No, ,clean,Y,Y,Y,,N,,,,,,,
ZOHBEF_clean,4.05883,3.23876,4.05716,1.69064,0,0,335.92,198.694,0.4624,0.273506,0,Pr,No, ,clean,N,Y,Y,,N,,,,,,,
SUXNIJ_clean,5.64724,4.5438,5.64724,1.44554,1962.92,1357.92,0,0,0.566,0.39155,0,V,Yes,V,clean,N,Y,Y,DISORDER,N,,,,,,,
ITIBET_clean,4.61324,2.8532,4.58144,2.48592,0,0,350.794,141.112,0.424,0.17056,0,Cd,Yes,Cd,clean,N,Y,Y,,N,,,,,,,
MISQIQ04_clean,4.23963,4.07761,4.23963,2.08195,575.722,276.53,0,0,0.3888,0.186748,0,Al,No, ,clean,Y,Y,Y,,N,,,,,,,
ZEDWAI_charged,5.28683,4.41255,5.2637,1.35718,819.018,603.469,0,0,0.4502,0.331717,0,Tb,No, ,charged,N,Y,Y,,N,,,,,,,
SEHTEF_clean,5.47631,4.61623,5.47631,1.08146,2270.04,2099.06,0,0,0.6446,0.596049,0,Y,Yes,Y,clean,N,Y,Y,,N,,,,,,,
DUQCAU_clean,4.76205,2.42556,4.76205,2.20289,0,0,590.95,268.261,0.4744,0.215353,0,Pr,Yes,Pr,clean,N,Y,Y,,N,,,,,,,
ABAVIJ_clean,4.45543,2.4972,4.40652,1.52493,0,0,312.052,204.633,0.3792,0.248667,0,Co,No, ,clean,Y,Y,Y,,N,,,,,,,
FIFPAM_clean,4.72449,3.84654,4.62424,1.03535,1611.82,1556.78,0,0,0.5846,0.564637,0,Ni,Yes,Ni,clean,Y,Y,Y,,N,,,,,,,
LIXDAZ_clean,4.90227,2.42114,4.85767,1.78613,0,0,298.711,167.239,0.3702,0.207264,0,Tb,No, ,clean,N,Y,Y,,N,,,,,,,
HIZQEN_clean,5.11247,3.90242,5.06469,1.50181,1156.11,769.817,0,0,0.5508,0.366759,0,Cd,Yes,Cd,clean,N,Y,Y,,N,,,,,,,
ATIBOU_clean,4.75824,3.95303,4.75824,1.66268,883.495,531.369,0,0,0.4562,0.274376,0,Mn,No, ,clean,Y,Y,Y,,N,,,,,,,
XEVVUQ_clean,4.64942,3.10763,4.64942,1.8044,0,0,597.028,330.874,0.487,0.269896,0,Fe,No, ,clean,N,Y,Y,,N,,,,,,,
OPOCEC_clean,5.45357,2.53442,5.44501,1.38114,0,0,404.814,293.102,0.417,0.301925,0,Mn,Yes,Mn,clean,Y,Y,Y,DISORDER,N,,,,,,,
ETEMIB_clean,4.60123,3.2805,4.59562,1.37796,0,0,644.968,468.059,0.48,0.34834,0,Co,Yes,Co,clean,Y,Y,Y,,N,,,,,,,
DUNXUH06_clean,5.04935,3.8892,5.03687,1.21647,1807.28,1485.67,0,0,0.6062,0.498328,0,Zn,Yes,Zn,clean,Y,Y,Y,,N,,,,,,,
LIRVAK_charged,5.32501,4.24984,5.32501,0.914869,1495.24,1634.38,0,0,0.582,0.636157,0,Cu,No, ,charged,Y,Y,Y,,N,,,,,,,
MIFGEP_clean,5.99664,4.9389,5.9821,1.0207,1811.65,1774.92,0,0,0.5912,0.579213,0,Cd,Yes,Cd,clean,Y,Y,Y,,N,,,,,,,
HULTEN_clean,5.18269,3.6406,5.1729,1.69201,1269.56,750.33,0,0,0.571,0.337469,0,Zn,No, ,clean,Y,Y,Y,,N,,,,,,,
VEQBOJ_charged,5.21912,3.58191,5.21567,1.8334,382.771,208.777,1.80299,0.983415,0.4056,0.221228,0,"Dy,Ba",No, ,charged,N,Y,Y,,N,,,,,,,
LEDNEP_charged,4.53355,3.90286,4.53355,2.19304,289.105,131.828,0,0,0.4438,0.202367,0,Yb,No, ,charged,Y,Y,Y,,N,,,,,,,
SEYNAM_clean,4.61019,3.49627,4.57613,1.21074,674.404,557.017,0,0,0.4702,0.388357,0,Cu,Yes,Cu,clean,N,Y,Y,,N,,,,,,,
RAPMOK_clean,5.38557,3.02087,5.38557,1.98669,0,0,919.446,462.803,0.5636,0.283688,0,Zn,Yes,Zn,clean,Y,Y,Y,,N,,,,,,,
MAZJAY_clean,5.84732,2.9425,5.84732,1.86705,0,0,707.249,378.806,0.4848,0.259661,0,Eu,No, ,clean,Y,Y,Y,,N,,,,,,,
EXURUM_clean,4.87436,2.7978,4.87436,1.72495,0,0,746.823,432.953,0.4606,0.267022,0,"Zn,Eu",Yes,Zn,clean,Y,Y,Y,DISORDER,N,,,,,,,
HASNOH_clean,5.38898,4.39397,5.38845,1.86317,1402.69,752.852,0,0,0.5556,0.298201,0,Tb,Yes,Tb,clean,Y,Y,Y,,N,,,,,,,
GOBXAY_clean,4.92403,2.59503,4.70441,1.66682,0,0,560.082,336.018,0.4608,0.276454,0,Ce,Yes,Ce,clean,N,Y,Y,,N,,,,,,,
QIYCAE_clean,4.96943,3.02335,4.95979,1.14656,0,0,665.958,580.831,0.4844,0.422481,0,"Ag,Si",Yes,Ag,clean,Y,Y,Y,,N,,,,,,,
OSAWEL_clean,5.275,4.57502,5.23103,1.20581,1256.21,1041.8,0,0,0.5198,0.43108,0,Ca,Yes,Ca,clean,N,Y,Y,,N,,,,,,,
GUMBIA_clean,4.76441,3.35731,4.72961,1.17543,1025.21,872.202,0,0,0.5114,0.435076,0,Cu,Yes,Cu,clean,Y,Y,Y,,N,,,,,,,
GAKBAX_clean,4.75047,4.21764,4.75047,1.60269,1138.62,710.445,0,0,0.5414,0.337808,0,Eu,Yes,Eu,clean,Y,Y,Y,,N,,,,,,,
HUCBEN_manual,5.37435,4.22886,5.37435,1.12816,1186.89,1052.06,0,0,0.5522,0.48947,0,In,No, ,manual,Y,Y,Y,,N,,,,,,,
LARNIE_clean,4.62596,4.14329,4.62016,1.44887,799.885,552.077,0,0,0.4668,0.322183,0,Mn,No, ,clean,Y,Y,Y,,N,,,,,,,
MEJQID_clean,4.95338,3.66569,4.91383,1.21757,1152.17,946.288,0,0,0.5426,0.445643,0,Zn,No, ,clean,Y,Y,Y,,N,,,,,,,
YAXBOP_SL,5.80792,5.38349,5.80792,1.12998,1474.82,1305.18,0,0,0.591,0.52302,0,Fe,No, ,SL,Y,Y,Y,,N,,,,,,,
ETEXEI_clean,5.78427,4.68209,5.77551,1.52654,1503.21,984.721,0,0,0.622,0.407458,0,Zn,No, ,clean,Y,Y,Y,,N,,,,,,,
BASTAS_clean,4.07475,2.66663,3.75664,2.3203,0,0,126.008,54.3067,0.3218,0.138689,0,"Gd,Ag",Yes,Ag,clean,Y,Y,Y,,N,,,,,,,
SOYYEL_clean,4.14906,3.0252,4.14906,2.08619,0,0,225.886,108.277,0.4644,0.222607,0,Fe,Yes,Fe,clean,N,Y,Y,,N,,,,,,,
KUMBUR_clean,4.48795,2.5884,4.48059,1.68967,0,0,254.383,150.552,0.3854,0.228092,0,Tb,No, ,clean,Y,Y,Y,,N,,,,,,,
ITIWUE_charged,5.19102,4.23615,5.19102,1.21425,767.035,631.694,85.3834,70.3177,0.48,0.395305,0,Cd,No, ,charged,Y,Y,Y,,N,,,,,,,
SUNJOB01_clean,4.89634,3.8976,4.73512,1.37366,1723.73,1254.84,0,0,0.596,0.433877,0,Ho,Yes,Ho,clean,N,Y,Y,,N,,,,,,,
BIHMUC_clean,4.80366,2.90368,4.80315,1.36548,0,0,630.363,461.643,0.434,0.317837,0,Co,Yes,Co,clean,Y,Y,Y,,N,,,,,,,
DEYDOA_clean,4.42418,4.12009,4.42418,1.27058,1171.93,922.356,0,0,0.5322,0.418863,0,"Ni,Cd",Yes,Ni,clean,Y,Y,Y,DISORDER,N,,,,,,,
j.inoche.2015.01.025_INC05862-mmc2_clean,4.92906,3.897,4.88525,1.27844,1610.15,1259.46,0,0,0.5778,0.451957,0,Zn,No, ,clean,Y,N,Y,,N,,N,,,,,
HISGAT_clean,5.66636,4.82954,5.66636,1.37462,738.511,537.249,0,0,0.318,0.231337,0,K,Yes,K,clean,N,Y,Y,,N,,,,,,,
UZAMUE_clean,4.6207,3.09129,4.59036,1.85857,0,0,532.291,286.398,0.462,0.248578,0,"Zn,Eu",Yes,"Zn,Eu",clean,Y,Y,Y,,N,,,,,,,
IJANEN_clean,4.00127,2.88482,3.98564,1.41537,0,0,342.685,242.117,0.4544,0.321047,0,Zn,Yes,Zn,clean,Y,Y,Y,,N,,,,,,,
EGOXII_clean,5.25614,3.66279,5.25614,1.73248,965.076,557.05,0,0,0.56,0.323237,0,Zn,Yes,Zn,clean,Y,Y,Y,,N,,,,,,,
NEYYUN_clean,4.68454,4.06012,4.68454,1.064,2087.99,1962.4,0,0,0.6166,0.579512,0,Ni,Yes,Ni,clean,Y,Y,Y,,N,,,,,,,
BOJYIK01_clean,4.80803,2.84792,4.80744,1.60323,0,0,695.034,433.52,0.501,0.312494,0,Tb,Yes,Tb,clean,N,Y,Y,,N,,,,,,,
JIVSEN_clean,4.65844,4.22522,4.64209,1.94999,466.538,239.251,0,0,0.392,0.201026,0,"Cu,Sm",Yes,Cu,clean,Y,Y,Y,,N,,,,,,,
ETEMEX_clean,5.91958,3.04496,5.91958,1.5488,0,0,508.212,328.132,0.4422,0.285511,0,Co,Yes,Co,clean,Y,Y,Y,DISORDER,N,,,,,,,
AGUBUA_clean,5.46218,4.59563,5.46034,1.83317,1345.91,734.196,0,0,0.576,0.31421,0,Zn,No, ,clean,Y,Y,Y,DISORDER,N,,,,,,,
INARUM_clean,4.27147,3.60968,4.26595,1.49233,736.38,493.444,0,0,0.5148,0.344964,0,Zn,Yes,Zn,clean,Y,Y,Y,,N,,,,,,,
BOXYIY_clean,4.39053,3.85775,4.38747,1.58321,405.121,255.886,388.713,245.521,0.5092,0.321625,0,Mn,No, ,clean,Y,Y,Y,,N,,,,,,,
IGUVIR_clean,5.80337,3.48765,5.78397,1.34417,868.475,646.107,0,0,0.4594,0.341773,0,Cd,No, ,clean,Y,Y,Y,,N,,,,,,,
ZOXTUD_clean,5.84263,3.22574,5.70759,1.90531,0,0,588.445,308.845,0.4264,0.223795,0,"Tb,Co",Yes,Tb,clean,N,Y,Y,,N,,,,,,,
QAWREM_clean,4.54212,3.52572,4.54212,1.85502,694.124,374.186,0,0,0.4334,0.233636,0,Eu,Yes,Eu,clean,N,Y,Y,,N,,,,,,,
EMAMUC_clean,5.84513,5.03009,5.84513,1.22272,803.232,656.921,0,0,0.473,0.386841,0,Ni,Yes,Ni,clean,Y,Y,Y,,N,,,,,,,
JUVWUU_clean,4.05171,2.54227,4.0376,1.22912,0,0,628.083,511.004,0.4874,0.396545,0,Mn,Yes,Mn,clean,N,Y,Y,,N,,,,,,,
OGAGIN_clean,5.17696,3.68155,5.09885,1.45357,798.238,549.157,0,0,0.4912,0.337926,0,Zn,No, ,clean,Y,Y,Y,,N,,,,,,,
SIWSUO_clean,4.95346,3.52092,4.93971,1.30798,969.125,740.933,0,0,0.499,0.381505,0,Co,Yes,Co,clean,N,Y,Y,,N,,,,,,,
XALTEK_clean,4.31419,3.00244,4.31419,2.12624,0,0,570.547,268.336,0.529,0.248796,0,"Cu,Au",Yes,"Cu,Au",clean,Y,Y,Y,,N,,,,,,,
BERGAI_clean,5.28761,2.67572,5.28761,1.49712,0,0,557.137,372.14,0.4878,0.325826,0,Zn,Yes,Zn,clean,Y,Y,Y,,N,,,,,,,
XOTXAG_clean,4.5925,3.72441,4.55253,1.45522,1114.56,765.906,0,0,0.459,0.315416,0,"Na,La",Yes,"Na,La",clean,Y,Y,Y,,N,,,,,,,
PEPKOL_clean,4.51864,3.40095,4.50908,1.52523,488.244,320.112,0,0,0.42,0.275368,0,Ni,No, ,clean,Y,Y,Y,,N,,,,,,,
HEKTUO_clean,4.58935,3.27438,4.58347,1.60368,0,0,903.598,563.451,0.4922,0.306918,0,Cd,Yes,Cd,clean,N,Y,Y,,N,,,,,,,
OPIYAP_clean,5.9608,4.59988,5.87453,1.18841,1751.48,1473.8,0,0,0.5816,0.489391,0,Cu,Yes,Cu,clean,Y,Y,Y,,N,,,,,,,
SOBZOY_clean,5.37738,4.41402,5.37738,1.12835,1566.4,1388.22,0,0,0.582,0.515796,0,"Cd,Ni",Yes,Ni,clean,N,Y,Y,,N,,,,,,,
IYOVOI_clean,4.90778,3.0823,4.90381,1.55739,0,0,1124.1,721.784,0.4976,0.319508,0,Nd,No, ,clean,Y,Y,Y,,N,,,,,,,
RUWXEN_clean,5.03811,3.94141,5.03811,1.46802,1178.02,802.454,0,0,0.5092,0.346863,0,La,Yes,La,clean,Y,Y,Y,,N,,,,,,,
KOKSIO_clean,4.16651,3.04137,4.16031,1.2445,0,0,560.413,450.313,0.5102,0.409965,0,Cu,Yes,Cu,clean,N,Y,Y,,N,,,,,,,
ORAGEU_clean,5.42971,4.14733,5.42971,3.26052,599.199,183.774,0,0,0.4338,0.133046,0,"Gd,Re",Yes,Gd,clean,N,Y,Y,,N,,,,,,,
YOZKOP_clean,5.21744,4.85597,5.21744,1.23316,795.516,645.106,0,0,0.5018,0.406924,0,Cu,Yes,Cu,clean,N,Y,Y,,N,,,,,,,
YOYVOZ_clean,4.67642,3.71608,4.67441,1.95188,1324.79,678.726,0,0,0.5406,0.276964,0,"Au,Fe",Yes,Au,clean,N,Y,Y,,N,,,,,,,
HIJSOK_clean,4.65728,3.47175,4.65433,1.22153,961.191,786.878,69.3358,56.7617,0.5406,0.442561,0,Co,Yes,Co,clean,Y,Y,Y,,N,,,,,,,
ITANUM_clean,4.25255,2.57562,4.25253,1.65172,0,0,615.836,372.845,0.5848,0.354055,0,Cu,No, ,clean,Y,Y,Y,,N,,,,,,,
VOKNAM_clean,5.71655,4.29096,5.67059,1.31809,1094.05,830.03,0,0,0.4878,0.370082,0,Ag,Yes,Ag,clean,N,Y,Y,DISORDER,N,,,,,,,
EPAGEJ_clean,5.19961,3.47948,5.18752,1.66805,743.29,445.603,0,0,0.4886,0.292916,0,Gd,Yes,Gd,clean,Y,Y,Y,,N,,,,,,,
WEDWUZ_clean,4.57342,3.19079,4.56913,2.27819,0,0,216.06,94.8384,0.4134,0.18146,0,"Cu,Sm",Yes,"Cu,Sm",clean,N,Y,Y,,N,,,,,,,
VUQKAU02_clean,4.89363,4.31451,4.87033,1.033,1471.86,1424.84,0,0,0.5576,0.539787,0,Mn,Yes,Mn,clean,N,Y,Y,,N,,,,,,,
XOKHIP_clean,4.7478,3.45863,4.7478,2.16707,449.011,207.197,0,0,0.3986,0.183935,0,"Zn,Sm",Yes,Zn,clean,Y,Y,Y,,N,,,,,,,
MUHNAG_clean,5.2054,3.59701,5.17347,1.40338,910.102,648.507,0,0,0.4596,0.327495,0,Co,No, ,clean,Y,Y,Y,,N,,,,,,,
UJAQEC_clean,4.46683,3.5414,4.46683,1.21484,1347.94,1109.56,67.5496,55.6038,0.5582,0.459485,0,Co,Yes,Co,clean,Y,Y,Y,,N,,,,,,,
OMIPAD_clean,5.24341,3.62169,5.16602,1.1791,539.772,457.781,0,0,0.4566,0.387243,0,Zn,No, ,clean,Y,Y,Y,,N,,,,,,,
EDIKEH_clean,4.16677,2.6775,4.16677,1.65442,0,0,300.688,181.749,0.43,0.25991,0,Y,Yes,Y,clean,N,Y,Y,,N,,,,,,,
WUNVUX_clean,5.06256,4.10802,5.0479,1.09653,996.696,908.953,84.6011,77.1534,0.5168,0.471304,0,Cd,No, ,clean,N,Y,Y,,N,,,,,,,
JOKXAI_clean,4.68166,4.00596,4.68147,1.55341,734.6,472.896,0,0,0.502,0.323161,0,"Cd,Ni",Yes,Ni,clean,Y,Y,Y,,N,,,,,,,
UNABIV_charged,5.08458,3.8192,4.86043,1.53367,1129.32,736.354,0,0,0.481,0.313628,0,"Mo,Cu",Yes,Cu,charged,N,Y,Y,,N,,,,,,,
ESEHIV_clean,5.10587,3.69765,5.10587,1.24278,879.237,707.477,0,0,0.5044,0.405865,0,Cu,Yes,Cu,clean,Y,Y,Y,,N,,,,,,,
VETVAS_manual,5.94508,3.03911,5.91086,1.24476,0,0,1139.41,915.362,0.5096,0.409395,0,Nd,Yes,Nd,manual,Y,Y,Y,,N,,,,,,,
HAVYOU_clean,4.22473,3.06148,4.20673,3.9686,0,0,392.911,99.0048,0.435,0.10961,0,"W,Ag",Yes,"W,Ag",clean,N,Y,Y,,N,,,,,,,
VIXGAM01_clean,5.20749,3.40288,5.20749,1.93235,393.451,203.613,0,0,0.4654,0.240847,0,Zr,Yes,Zr,clean,N,Y,Y,,N,,,,,,,
LUCKAX_clean,4.03521,2.47334,4.03324,1.81814,0,0,327.564,180.165,0.4504,0.247726,0,Cd,Yes,Cd,clean,N,Y,Y,DISORDER,N,,,,,,,
HIQNIG_clean,5.17097,2.43229,5.17097,1.11758,0,0,676.965,605.742,0.5298,0.47406,0,Zn,Yes,Zn,clean,Y,Y,Y,,N,,,,,,,
FOFDAH_clean,4.47344,2.88853,4.47076,1.54038,0,0,319.149,207.189,0.3948,0.256301,0,Ce,No, ,clean,Y,Y,Y,DISORDER,N,,,,,,,
NEJSEC_clean,5.81645,3.98304,5.23805,1.24255,1038.8,836.024,5.34967,4.30539,0.5324,0.428473,0,Cu,No, ,clean,Y,Y,Y,,N,,,,,,,
POKTUG_clean,4.00604,3.07895,4.00604,2.12797,0,0,268.425,126.141,0.3582,0.168329,0,"Ho,Cu",No, ,clean,Y,Y,Y,,N,,,,,,,
VOTMAS_clean,4.44531,2.95777,4.42331,1.53443,0,0,369.834,241.024,0.4156,0.270849,0,"Ca,Sr",Yes,"Ca,Sr",clean,N,Y,Y,,N,,,,,,,
YARVEV_clean,5.13258,2.49623,5.01619,1.61198,0,0,371.021,230.165,0.4098,0.254222,0,"Cu,Si",Yes,Cu,clean,N,Y,Y,,N,,,,,,,
WECBOX_clean,4.70975,3.71197,4.69989,1.52733,833.701,545.856,0,0,0.5236,0.342821,0,Mn,No, ,clean,N,Y,Y,,N,,,,,,,
IPIMEA_clean,5.12695,2.42803,5.10312,2.71833,0,0,365.213,134.352,0.3434,0.126328,0,"Na,La",No, ,clean,Y,Y,Y,,N,,,,,,,
UNABUH_clean,4.05523,3.33892,4.05523,1.54893,319.939,206.556,0,0,0.4028,0.260051,0,Cu,Yes,Cu,clean,Y,Y,Y,,N,,,,,,,
HOGPUQ_clean,4.22,2.79243,4.20103,2.08874,0,0,384.053,183.868,0.4226,0.202322,0,Er,No, ,clean,Y,Y,Y,,N,,,,,,,
OLAWUU_clean,5.70617,3.38454,5.70617,1.82501,608.324,333.327,125.668,68.8591,0.4924,0.269807,0,"Ag,Pd,La",Yes,"La,Pd,Ag",clean,Y,Y,Y,,N,,,,,,,
EXUHUC_clean,6.22107,4.0898,6.22107,1.22274,852.187,696.948,9.45855,7.73552,0.5232,0.427891,0,Mn,Yes,Mn,clean,Y,Y,Y,,N,,,,,,,
VUNXUY_clean,6.27462,2.74494,6.27462,1.7747,0,0,909.399,512.424,0.4948,0.278808,0,Cu,Yes,Cu,clean,N,Y,Y,,N,,,,,,,
NUDLIJ_clean,6.93743,5.78938,6.89446,1.14165,1419.26,1243.17,0,0,0.5428,0.475454,0,Mg,No, ,clean,Y,Y,Y,,N,,,,,,,
POFSIN02_clean,6.98557,5.64932,6.97231,1.04143,2630.55,2525.91,0,0,0.7252,0.69635,0,Cd,No, ,clean,Y,Y,Y,,N,,,,,,,
KOFPEB01_clean,7.3154,5.12362,7.3154,1.77872,899.08,505.464,0,0,0.461,0.259175,0,"Cu,La",No, ,clean,Y,Y,Y,,N,,,,,,,
RORTOJ_clean,6.66057,4.41092,6.52091,0.981543,2083.85,2123.04,0,0,0.6188,0.630436,0,Co,Yes,Co,clean,Y,Y,Y,DISORDER,N,,,,,,,
acs.jpcc.6b04690_jp6b04690_si_005_clean,7.34724,4.81711,7.33146,1.24071,916.497,738.69,73.5263,59.2617,0.5146,0.414764,0,Zn,No, ,clean,Y,N,Y,DISORDER,N,,N,,,,,
SOMFEG_clean,6.71551,6.34258,6.71551,1.05531,2284.15,2164.44,0,0,0.6512,0.61707,0,In,No, ,clean,N,Y,Y,,N,,,,,,,
YEFPEE_clean,6.60032,5.32777,6.60032,1.16153,2587.98,2228.08,0,0,0.7204,0.620219,0,Cd,No, ,clean,N,Y,Y,,N,,,,,,,
SEMFIB_charged,6.30171,4.17949,5.81814,1.31707,655.519,497.709,308.693,234.378,0.512,0.38874,0,Cd,No, ,charged,N,Y,Y,,N,,,,,,,
DUXKUD_clean,7.67361,6.90082,7.6375,1.23834,1391.29,1123.51,0,0,0.5864,0.473535,0,U,Yes,U,clean,Y,Y,Y,,N,,,,,,,
IXEFAS_charged,7.1377,4.17724,7.09066,1.24632,1150.23,922.898,0,0,0.5346,0.428942,0,Eu,No, ,charged,Y,Y,Y,,N,,,,,,,
HOYROE_clean,6.155,5.22739,6.12328,1.60811,1166.91,725.638,0,0,0.4436,0.275852,0,"Ba,Li",Yes,"Ba,Li",clean,Y,Y,Y,,N,,,,,,,
RUDQOX_clean,6.05488,4.57305,6.02316,2.85352,852.525,298.763,0,0,0.4552,0.159522,0,Ag,Yes,Ag,clean,N,Y,Y,DISORDER,N,,,,,,,
YOYRAH_clean,7.09133,6.25516,7.09133,1.0672,1026.65,962.001,0,0,0.525,0.491941,0,Mn,No, ,clean,N,Y,Y,,N,,,,,,,
VIRXIF_clean,6.07104,5.56303,6.07104,1.4189,1653.8,1165.55,0,0,0.5644,0.397774,0,Zn,No, ,clean,N,Y,Y,,N,,,,,,,
AXIPEE03_clean,6.5428,4.0805,6.53621,1.61298,1706.94,1058.25,0,0,0.59,0.365782,0,"Au,Fe",Yes,Au,clean,Y,Y,Y,,N,,,,,,,
QEPZOB_clean,6.00756,3.91744,6.00756,0.930353,1597.61,1717.21,0.801378,0.86137,0.6088,0.654376,0,Cu,Yes,Cu,clean,Y,Y,Y,,N,,,,,,,
XADDAJ01_clean,6.46856,4.61872,6.46856,1.24305,1893.89,1523.58,0,0,0.5932,0.477214,0,Tb,Yes,Tb,clean,N,Y,Y,,N,,,,,,,
NOGDAP_clean,6.90613,3.48821,6.90608,1.43733,1400.84,974.616,0,0,0.5538,0.385299,0,Al,No, ,clean,Y,Y,Y,,N,,,,,,,
GAJVEU_charged,6.73207,4.73018,6.72863,1.06231,1487.78,1400.51,0,0,0.5704,0.536941,0,Zn,No, ,charged,Y,Y,Y,,N,,,,,,,
TASWIV_clean,7.31506,6.71653,7.31506,1.25001,1853.82,1483.05,0,0,0.6122,0.489757,0,Eu,Yes,Eu,clean,N,Y,Y,,N,,,,,,,
XAPCOJ05_clean,7.33092,7.2403,7.33092,1.11449,1591.26,1427.79,0,0,0.599,0.537465,0,V,No, ,clean,N,Y,Y,,N,,,,,,,
EMIGIR_charged,7.59015,4.82509,7.59015,1.39411,2783.36,1996.52,0,0,0.7034,0.504552,0,In,Yes,In,charged,Y,Y,Y,,N,,,,,,,
ALIXAU_clean_h,6.17139,3.91412,6.17139,1.43262,670.443,467.985,13.6022,9.49467,0.4726,0.329886,0,Cu,Yes,Cu,clean_h,N,Y,Y,,N,,,,,,,
YIWLIZ_clean,6.76345,5.40521,6.76332,1.26054,2049.12,1625.6,0,0,0.6972,0.553098,0,Cd,No, ,clean,N,Y,Y,,N,,,,,,,
DABGIZ_clean,6.29922,3.2036,6.29922,2.1252,0,0,632.441,297.592,0.4588,0.215886,0,"Mo,Cd",Yes,"Mo,Cd",clean,Y,Y,Y,,N,,,,,,,
SANHUN_clean,6.50583,4.8025,6.36295,1.599,1277.92,799.196,0,0,0.517,0.323327,0,Ho,Yes,Ho,clean,N,Y,Y,,N,,,,,,,
CAVREY_clean,7.18071,5.30054,7.16429,1.02665,1966.55,1915.49,0,0,0.6398,0.62319,0,Zn,Yes,Zn,clean,Y,Y,Y,,N,,,,,,,
SUFBAY_clean,6.49481,4.4278,6.49481,0.863231,1967.74,2279.51,0,0,0.608,0.704331,0,Cd,No, ,clean,N,Y,Y,,N,,,,,,,
AMIZIG_clean,6.42874,5.80877,6.41409,1.40393,699.498,498.243,0,0,0.4248,0.302579,0,"Na,Zn",Yes,Zn,clean,Y,Y,Y,DISORDER,N,,,,,,,
RUYKAZ_clean,7.28414,3.24137,7.2788,1.08415,0,0,1220.32,1125.6,0.541,0.499009,0,Ag,Yes,Ag,clean,Y,Y,Y,DISORDER,N,,,,,,,
TUNJET_clean,6.14578,4.61369,6.05606,1.50948,1150.01,761.861,0,0,0.5096,0.3376,0,Co,Yes,Co,clean,N,Y,Y,,N,,,,,,,
EDORIY_charged,6.08641,4.10073,6.08269,2.74632,690.446,251.407,0,0,0.433,0.157665,0,"W,Cu",Yes,Cu,charged,Y,Y,Y,,N,,,,,,,
c5nj02634b_c5nj02634b2_clean,6.56089,5.15548,6.36711,0.972386,1739.81,1789.21,0,0,0.6012,0.618273,0,Zn,Yes,Zn,clean,Y,N,Y,,Y,SUWROT,Y,21/07/2015,10.1039/c5nj02634b,"1 SI, 4 Structure",SUWROT,DUNYIW
BEXPAX_clean,6.17717,5.82599,6.17717,0.749009,3226.03,4307.06,0,0,0.7082,0.945516,0,Ni,Yes,Ni,clean,Y,Y,Y,,N,,,,,,,
KENJEU_clean,6.20454,3.65645,6.19551,1.18024,913.968,774.393,4.05812,3.43839,0.5244,0.444317,0,Zn,Yes,Zn,clean,N,Y,Y,,N,,,,,,,
SIKYER_clean,6.53029,4.26393,6.50771,1.2109,2088.91,1725.09,0,0,0.6104,0.504089,0,Eu,Yes,Eu,clean,Y,Y,Y,,N,,,,,,,
LIQTUC_clean,7.1903,6.51436,7.1903,1.03237,1471.99,1425.83,0.0808771,0.0783409,0.5754,0.557356,0,Ag,Yes,Ag,clean,Y,Y,Y,DISORDER,N,,,,,,,
MIFROK_clean,6.3068,5.74769,6.3068,1.44498,561.702,388.727,79.3873,54.9401,0.4722,0.326787,0,"La,Co",Yes,La,clean,Y,Y,Y,,N,,,,,,,
RAZXIA_clean,7.67887,4.23308,7.64737,1.56136,1212.02,776.259,0,0,0.456,0.292053,0,"K,Co",Yes,K,clean,Y,Y,Y,,N,,,,,,,
UNOJUD_clean,6.35419,2.69249,6.34724,1.52961,0,0,896.126,585.851,0.4676,0.305698,0,Sr,Yes,Sr,clean,N,Y,Y,,N,,,,,,,
IQILIF_clean,7.54585,4.55729,7.31598,0.9871,1707.16,1729.47,0,0,0.5864,0.594063,0,"Bi,K",Yes,"Bi,K",clean,Y,Y,Y,,N,,,,,,,
FOFTOL_clean,6.86591,4.62367,6.86591,1.13764,1540.19,1353.85,0,0,0.5824,0.511939,0,Cd,Yes,Cd,clean,Y,Y,Y,DISORDER,N,,,,,,,
GEBCAT_clean,7.82822,4.28279,7.82194,1.50818,1191.52,790.035,0,0,0.4616,0.306064,0,"K,Co",Yes,K,clean,Y,Y,Y,,N,,,,,,,
TASWAN_clean,7.61281,6.7795,7.61281,1.23616,1858.69,1503.6,0,0,0.6202,0.501716,0,Tb,Yes,Tb,clean,N,Y,Y,,N,,,,,,,
TOHDEB_clean,7.22857,4.58038,7.22827,2.56605,434.366,169.274,0,0,0.3352,0.130629,0,Zn,No, ,clean,N,Y,Y,DISORDER,N,,,,,,,
IBACAS_clean,6.00206,4.65234,5.82846,1.09941,1650,1500.81,0,0,0.5576,0.507182,0,Co,No, ,clean,Y,Y,Y,,N,,,,,,,
YOYQAG_clean,6.86662,5.74381,6.86662,1.1179,982.695,879.053,0,0,0.5126,0.458537,0,Co,No, ,clean,N,Y,Y,,N,,,,,,,
FEZREJ_clean,6.80795,5.29768,6.78405,1.3201,2032.7,1539.8,0,0,0.6256,0.473902,0,"Cd,Ba",Yes,Ba,clean,N,Y,Y,,N,,,,,,,
TOWNOK_clean,6.93499,4.73179,6.92745,1.00825,1925.88,1910.13,0,0,0.619,0.613938,0,Fe,Yes,Fe,clean,Y,Y,Y,,N,,,,,,,
NEBNOZ_clean,6.01321,5.05928,6.00094,1.13873,1248.11,1096.06,0,0,0.5186,0.45542,0,Zn,Yes,Zn,clean,Y,Y,Y,,N,,,,,,,
LIGJIW_clean,7.07785,3.26999,7.07785,2.88824,0,0,778.552,269.56,0.4332,0.149988,0,Bi,Yes,Bi,clean,N,Y,Y,DISORDER,N,,,,,,,
OWIHEJ_clean,7.35052,7.17386,7.35052,1.33314,1629.69,1222.45,0,0,0.6108,0.458167,0,In,No, ,clean,Y,Y,Y,,N,,,,,,,
DAGDIZ_clean,6.53637,3.58733,6.4961,1.65009,1230.44,745.682,0,0,0.5248,0.318042,0,Cd,Yes,Cd,clean,N,Y,Y,,N,,,,,,,
GEDPAH_clean,6.03167,4.27212,6.03167,1.25052,927.95,742.052,0,0,0.4286,0.342738,0,Na,Yes,Na,clean,Y,Y,Y,DISORDER,N,,,,,,,
LAHVAU_clean,7.77112,5.22128,7.77112,1.02459,1747.86,1705.92,54.8522,53.5358,0.6324,0.617222,0,Cd,Yes,Cd,clean,Y,Y,Y,,N,,,,,,,
RUSWIN_clean,6.48006,3.76789,6.3774,1.27344,1499.33,1177.39,0,0,0.5498,0.431746,0,Dy,Yes,Dy,clean,N,Y,Y,,N,,,,,,,
XUDPUJ_clean,7.03379,5.43736,7.01581,0.877874,2647.71,3016.05,0,0,0.698,0.795103,0,Cu,No, ,clean,N,Y,Y,DISORDER,N,,,,,,,
OWIJIP_clean,7.46558,7.33479,7.46558,1.3287,1650.48,1242.18,0,0,0.6126,0.461053,0,In,No, ,clean,Y,Y,Y,,N,,,,,,,
FAVFUG_clean,6.83841,4.77149,6.83841,1.02578,1903.53,1855.69,0,0,0.6082,0.592913,0,"Cd,K",No, ,clean,Y,Y,Y,,N,,,,,,,
OKILEA_clean,6.35409,4.27067,6.35409,1.16036,1077.85,928.894,0,0,0.549,0.473129,0,Mn,Yes,Mn,clean,Y,Y,Y,,N,,,,,,,
EBEWIT_clean,6.98757,6.64177,6.98757,1.55436,1566.68,1007.93,0,0,0.573,0.368642,0,Gd,No, ,clean,Y,Y,Y,,N,,,,,,,
WARJAC_clean,6.27516,5.38886,5.82916,1.20156,1848.31,1538.27,0,0,0.6418,0.534141,0,Ni,Yes,Ni,clean,Y,Y,Y,,N,,,,,,,
ja905009e_si_002_clean,7.4254,5.9743,7.38064,1.40157,2795.33,1994.43,0.066678,0.0475737,0.7066,0.504148,0,"Mo,Zn",Yes,"Mo,Zn",clean,Y,N,Y,,Y,CUHNID,Y,11/12/2009,10.1021/ja905009e,"1 SI, 1 Structure",CUHNID,
DUZPUL_clean,7.06957,4.91595,7.06648,0.920284,2531.68,2750.98,0,0,0.6946,0.754767,0,Zn,Yes,Zn,clean,N,Y,Y,,N,,,,,,,
MOXDOT_charged,6.77584,4.90421,6.76317,0.994946,1162.28,1168.18,0,0,0.5484,0.551186,0,Co,No, ,charged,Y,Y,Y,,N,,,,,,,
QEZZOL_clean,6.25588,3.45747,6.04611,1.73068,941.451,543.977,0,0,0.483,0.279081,0,"W,Cu",Yes,Cu,clean,Y,Y,Y,,N,,,,,,,
VEHYUE_clean,6.12673,3.44814,6.105,1.87284,355.438,189.786,95.0653,50.7601,0.4804,0.256509,0,"Mo,Rb",Yes,Rb,clean,N,Y,Y,,N,,,,,,,
CEXHOD_clean,6.20263,3.99405,6.1987,0.988457,1905.85,1928.11,0,0,0.5896,0.596485,0,"Ag,Co",Yes,Ag,clean,Y,Y,Y,,N,,,,,,,
MAXHOJ_clean,7.21423,7.14904,7.21308,2.35131,802.226,341.182,0,0,0.4652,0.197847,0,Ag,Yes,Ag,clean,Y,Y,Y,,N,,,,,,,
CODSUL_clean,6.55692,3.55923,6.55642,1.27214,782.617,615.2,0.966661,0.759873,0.4932,0.387695,0,Cd,Yes,Cd,clean,Y,Y,Y,,N,,,,,,,
ZUQBUK_clean,6.60273,3.87772,6.60273,0.987073,2004.83,2031.09,0,0,0.58,0.587596,0,Fe,No, ,clean,N,Y,Y,DISORDER,N,,,,,,,
YIWMUM_clean,6.07798,4.22779,6.07163,1.30832,2060.98,1575.28,0,0,0.6732,0.514552,0,Cd,No, ,clean,N,Y,Y,,N,,,,,,,
FUWFUA_clean,7.25313,6.2676,7.10214,1.05922,1980.57,1869.84,0,0,0.6472,0.611017,0,Cd,Yes,Cd,clean,Y,Y,Y,DISORDER,N,,,,,,,
EPOTAF_clean,7.63453,6.61136,7.601,0.575241,2982.7,5185.13,0,0,0.779,1.35421,0,Cu,Yes,Cu,clean,Y,Y,Y,,N,,,,,,,
ECEDEY_clean,6.39219,4.6444,6.38001,1.02837,1438.77,1399.08,0,0,0.541,0.526076,0,Ca,Yes,Ca,clean,N,Y,Y,,N,,,,,,,
LASWEJ_clean,7.10977,4.83707,7.10977,1.05149,1683.85,1601.39,0,0,0.578,0.549695,0,Co,Yes,Co,clean,Y,Y,Y,,N,,,,,,,
EHEKUY_clean,6.18029,3.5251,6.17561,1.28701,834.589,648.47,1.25956,0.978668,0.5024,0.390361,0,Ru,No, ,clean,Y,Y,Y,,N,,,,,,,
IYAKIE_clean,7.40162,5.12822,7.38112,0.935395,2309.49,2469,0,0,0.6746,0.721193,0,"Ca,Cd",Yes,Cd,clean,Y,Y,Y,,N,,,,,,,
INOVEN_clean,6.5916,4.86656,6.58623,1.1112,2296.52,2066.7,0,0,0.6394,0.575413,0,Gd,Yes,Gd,clean,Y,Y,Y,,N,,,,,,,
OFESEY_clean,7.30457,5.07688,7.30457,1.8342,871.652,475.221,0,0,0.451,0.245883,0,"Cu,Nd",No, ,clean,Y,Y,Y,,N,,,,,,,
DOYHUW_clean,6.87938,5.20644,6.87938,0.976254,2294.91,2350.74,0,0,0.6516,0.667449,0,Zn,Yes,Zn,clean,Y,Y,Y,,N,,,,,,,
DAXHIV_clean,7.62222,6.92477,7.62222,0.882059,2131.41,2416.4,0,0,0.65,0.736913,0,Fe,Yes,Fe,clean,Y,Y,Y,,N,,,,,,,
ja308995t_si_002_clean,6.91507,6.43648,6.89159,1.15816,1047.86,904.763,0,0,0.5248,0.453131,0,Zn,No, ,clean,Y,N,Y,,N,,Y,11/07/2012,10.1021/ja308995t,"1 SI, 1 Structure",KEQJEX,
MAYJOM_clean,6.51956,6.14293,6.51763,1.25239,1627.1,1299.19,0,0,0.6236,0.497928,0,In,No, ,clean,Y,Y,Y,,N,,,,,,,
COQTEJ_clean,7.76168,6.6264,7.46116,0.69781,2656.93,3807.52,0,0,0.7034,1.00801,0,Mg,Yes,Mg,clean,Y,Y,Y,,N,,,,,,,
GAPNOD_clean,6.6565,4.84778,6.65444,1.74449,1900.25,1089.29,0,0,0.644,0.369162,0,U,Yes,U,clean,N,Y,Y,,N,,,,,,,
NEVPUA_charged,6.37646,5.20524,6.37646,1.60506,1041.49,648.879,0,0,0.4822,0.300425,0,"Cd,Cu",Yes,Cu,charged,Y,Y,Y,,N,,,,,,,
NAJMIV_charged,7.40421,4.16757,5.0872,1.17134,507.024,432.857,384.327,328.109,0.5032,0.429593,0,Cu,Yes,Cu,charged,Y,Y,Y,,N,,,,,,,
FORTIR_clean,7.46367,6.87207,7.46367,0.921652,1895.01,2056.1,0,0,0.6264,0.679649,0,"Cd,Zn",Yes,Cd,clean,Y,Y,Y,,N,,,,,,,
LABPIQ_clean,6.03951,4.34397,5.95885,2.23351,1011.69,452.959,0,0,0.508,0.227444,0,Zn,Yes,Zn,clean,Y,Y,Y,DISORDER,N,,,,,,,
j.inoche.2015.12.019_1_clean,6.46265,4.53541,6.46076,1.0284,1784.75,1735.46,0,0,0.5772,0.561258,0,Zn,No, ,clean,Y,N,Y,,Y,MUYDUH,Y,23/10/2015,10.1016/j.inoche.2015.12.019,"1 SI, 1 Structure",MUYDUH,
WIYZOU_clean,6.69801,4.2951,6.69801,1.32919,1592.17,1197.85,0,0,0.5518,0.41514,0,Co,Yes,Co,clean,Y,Y,Y,,N,,,,,,,
OWIHOT_clean,7.42387,7.28396,7.42387,1.32488,1634.57,1233.75,0,0,0.6134,0.462986,0,In,No, ,clean,Y,Y,Y,,N,,,,,,,
DOPJAV_clean,7.55824,6.21149,7.55824,1.32954,1214.76,913.669,0,0,0.54,0.406156,0,Cu,Yes,Cu,clean,Y,Y,Y,,N,,,,,,,
QOTZEG_clean,6.98929,6.77562,6.98929,1.52277,1495.88,982.34,0,0,0.5546,0.364204,0,La,Yes,La,clean,Y,Y,Y,,N,,,,,,,
ESUSOC_clean,7.05543,5.76553,7.05417,1.36444,1437.77,1053.75,0,0,0.5426,0.397672,0,Co,Yes,Co,clean,Y,Y,Y,,N,,,,,,,
ALOLOD_charged,7.87306,5.02701,7.86695,0.898447,1801.13,2004.72,5.88259,6.54751,0.6338,0.70544,0,In,No, ,charged,Y,Y,Y,,N,,,,,,,
YIJCEB_clean,6.17665,3.95409,6.10232,1.18759,1899.27,1599.27,0,0,0.5898,0.496636,0,Ni,Yes,Ni,clean,N,Y,Y,DISORDER,N,,,,,,,
FAKNIR_clean,7.731,5.84497,7.731,0.960238,2118.84,2206.58,0,0,0.6484,0.675249,0,Cd,Yes,Cd,clean,Y,Y,Y,,N,,,,,,,
QALHAO_clean,7.68357,4.14824,7.68357,1.41986,1680.89,1183.84,0,0,0.6244,0.439761,0,Cu,Yes,Cu,clean,Y,Y,Y,,N,,,,,,,
JAFPIQ_clean,7.18163,6.66781,7.16788,1.29779,1736.11,1337.74,0,0,0.6626,0.51056,0,Ag,Yes,Ag,clean,Y,Y,Y,,N,,,,,,,
HISJIE_clean,6.27871,5.58535,6.27871,1.41351,623.69,441.235,0,0,0.4354,0.308027,0,Co,Yes,Co,clean,Y,Y,Y,,N,,,,,,,
TOWMEZ_clean,6.5888,3.15491,4.54687,2.30648,0,0,860.288,372.987,0.4604,0.199611,0,Fe,Yes,Fe,clean,N,Y,Y,DISORDER,N,,,,,,,
GEDLIM_clean,7.1997,3.30533,7.07142,1.13684,0,0,981.551,863.405,0.523,0.460048,0,Zn,No, ,clean,Y,Y,Y,,N,,,,,,,
ZUDRAT_clean,6.48565,4.23405,6.48051,1.20859,1651.45,1366.43,0,0,0.5628,0.465668,0,Mn,Yes,Mn,clean,N,Y,Y,,N,,,,,,,
IZIHEG_clean,7.25076,5.4614,7.24597,1.35223,1495.67,1106.08,0,0,0.5682,0.420196,0,Eu,Yes,Eu,clean,Y,Y,Y,,N,,,,,,,
LATCIS_clean,6.18491,5.22174,6.13,1.03702,2650.66,2556.04,0,0,0.747,0.720336,0,Cd,Yes,Cd,clean,Y,Y,Y,DISORDER,N,,,,,,,
ROYREE_clean,6.65259,5.04516,6.56274,1.17392,1308.03,1114.24,0,0,0.5524,0.47056,0,Ho,Yes,Ho,clean,Y,Y,Y,,N,,,,,,,
OQOBUT_clean,6.63313,3.25109,6.36597,1.10898,0,0,931.502,839.965,0.548,0.494149,0,Al,No, ,clean,Y,Y,Y,,N,,,,,,,
OYERUH_clean,7.57942,6.42809,7.56103,1.08661,1656.01,1524.01,185.649,170.851,0.6376,0.586778,0,"Cd,Cr",Yes,"Cd,Cr",clean,Y,Y,Y,,N,,,,,,,
XOVVOU_clean,6.57595,5.59779,6.5535,1.07267,2264.54,2111.12,0,0,0.6676,0.622371,0,Zn,Yes,Zn,clean,Y,Y,Y,,N,,,,,,,
BARZOK_clean,7.65896,2.7399,7.6464,1.45609,0,0,478.144,328.376,0.3942,0.270726,0,Cu,No, ,clean,Y,Y,Y,,N,,,,,,,
RITGEI_clean,7.34363,6.78558,7.34363,2.03979,1347.27,660.495,0,0,0.5606,0.274833,0,Ag,Yes,Ag,clean,N,Y,Y,DISORDER,N,,,,,,,
KORNAI_clean,6.27152,3.95758,6.27152,1.38102,999.488,723.73,0,0,0.4722,0.34192,0,Co,Yes,Co,clean,Y,Y,Y,,N,,,,,,,
EYOCUS_clean,7.31668,4.44056,7.31668,1.30954,1345.21,1027.24,203.62,155.49,0.5814,0.443974,0,Tb,Yes,Tb,clean,Y,Y,Y,DISORDER,N,,,,,,,
XINWUO_clean,6.28616,4.28799,6.28616,1.09832,2350.01,2139.64,0,0,0.6626,0.603282,0,Zn,Yes,Zn,clean,Y,Y,Y,,N,,,,,,,
IFENOY03_SL,7.28997,5.75367,7.27102,1.31871,593.793,450.282,0,0,0.4674,0.354437,0,Zn,No, ,SL,Y,Y,Y,,N,,,,,,,
cm503311x_alf200K_clean,7.35028,7.12879,7.35028,0.963076,1569.66,1629.84,0,0,0.6114,0.634841,0,Al,No, ,clean,Y,N,Y,,Y,KUNTAQ02,Y,14/09/2015,10.1021/cm503311x,"1 SI, 1 Structure",KUNTAQ02,
OWIHUZ_clean,7.37728,7.20219,7.37728,1.32559,1638.53,1236.07,0,0,0.613,0.462436,0,In,No, ,clean,Y,Y,Y,,N,,,,,,,
NENFAN_clean,7.3527,6.48023,7.3527,2.08229,1229.05,590.24,0,0,0.526,0.252607,0,Ga,No, ,clean,Y,Y,Y,,N,,,,,,,
KOQGAA_clean,7.45827,6.37797,7.45275,0.843924,2212.29,2621.44,0,0,0.6754,0.800309,0,Zn,No, ,clean,Y,Y,Y,DISORDER,N,,,,,,,
KINFAQ_clean,7.6173,5.59807,7.60335,1.3531,1646.54,1216.86,0,0,0.602,0.444903,0,Tm,Yes,Tm,clean,Y,Y,Y,,N,,,,,,,
YOLGUB_clean,7.59854,5.9029,7.59287,0.74526,2992.97,4016,0,0,0.791,1.06137,0,Cu,Yes,Cu,clean,N,Y,Y,,N,,,,,,,
XOVQIJ_clean,7.41561,4.13146,7.41561,0.925084,1684.83,1821.27,0,0,0.5816,0.6287,0,"Na,Zn",Yes,"Na,Zn",clean,Y,Y,Y,,N,,,,,,,
MANLOD_manual,8.55642,5.36069,8.35991,0.706783,1873.58,2650.85,92.9946,131.574,0.6674,0.944278,0,Cd,No, ,manual,Y,Y,Y,,N,,,,,,,
NODKUN_clean,8.11946,6.79716,8.07056,0.764763,2379.51,3111.44,0,0,0.6852,0.895963,0,In,No, ,clean,Y,Y,Y,,N,,,,,,,
VOYGOH_clean,8.28524,6.29263,8.24088,1.28416,2599.39,2024.19,0.195596,0.152314,0.7268,0.565973,0,"Mo,Zn",Yes,"Mo,Zn",clean,N,Y,Y,,N,,,,,,,
XANZAQ07_clean,8.40037,8.01066,8.40037,0.935791,1631.15,1743.07,0,0,0.6708,0.716827,0,Cu,Yes,Cu,clean,N,Y,Y,DISORDER,N,,,,,,,
HUZSOL_clean,9.96894,8.00393,9.95333,0.905605,1288.39,1422.68,0,0,0.602,0.664749,0,"Na,Zn",Yes,"Na,Zn",clean,Y,Y,Y,,N,,,,,,,
VITYOO_clean,8.76574,6.10267,8.74057,1.07917,1888.77,1750.21,0,0,0.6338,0.587305,0,Nd,Yes,Nd,clean,N,Y,Y,,N,,,,,,,
OLOGAY_clean,8.68486,6.32279,8.68486,0.759929,2817.95,3708.18,0,0,0.7942,1.0451,0,Zn,No, ,clean,Y,Y,Y,DISORDER,N,,,,,,,
VUNHAO_clean,8.87764,7.99015,8.87736,0.6011,2717.65,4521.13,0,0,0.7556,1.25703,0,Fe,Yes,Fe,clean,N,Y,Y,,N,,,,,,,
TOJLOT_clean,9.35136,7.4656,9.35136,0.787935,1703.38,2161.83,0,0,0.6612,0.839156,0,Cu,No, ,clean,N,Y,Y,,N,,,,,,,
QUGPAJ_charged,9.18799,6.4755,9.18799,2.98549,918.453,307.639,0,0,0.4726,0.158299,0,"Nd,Re",Yes,Re,charged,Y,Y,Y,,N,,,,,,,
XUMMUP_clean,8.4295,7.42103,8.42696,1.01197,1167.11,1153.31,0,0,0.545,0.538555,0,Cu,Yes,Cu,clean,N,Y,Y,,N,,,,,,,
NEDWAW_clean,8.21752,5.99671,8.17631,0.756185,2155.93,2851.06,0,0,0.6702,0.886291,0,Mn,No, ,clean,Y,Y,Y,,N,,,,,,,
PIHWAG_clean,8.27361,7.69473,8.27361,1.26901,1392.1,1096.99,0,0,0.5476,0.431516,0,La,No, ,clean,Y,Y,Y,,N,,,,,,,
VAKPOP_clean,8.58438,6.5725,8.58438,1.56452,1729.18,1105.24,0,0,0.644,0.411627,0,Zn,Yes,Zn,clean,N,Y,Y,DISORDER,N,,,,,,,
SUWQEI_clean,9.47366,7.57886,8.89706,0.818244,1562.75,1909.88,0,0,0.6376,0.779229,0,Cu,Yes,Cu,clean,N,Y,Y,,N,,,,,,,
HUBQEC_clean,8.86857,5.43796,8.86857,1.74467,1156.2,662.705,0,0,0.545,0.31238,0,"Mo,Cu",Yes,"Mo,Cu",clean,Y,Y,Y,DISORDER,N,,,,,,,
XISLUI_clean,8.00401,5.03253,8.00401,1.21776,1508.29,1238.58,0,0,0.554,0.454935,0,Co,No, ,clean,N,Y,Y,DISORDER,N,,,,,,,
VURNED_clean,8.28196,7.22796,8.27719,0.968429,2084.34,2152.29,0,0,0.665,0.686679,0,Zn,No, ,clean,N,Y,Y,DISORDER,N,,,,,,,
CIXBUH_clean,8.16009,7.52386,8.14429,1.22695,2058.62,1677.84,0,0,0.6684,0.544765,0,Zn,No, ,clean,Y,Y,Y,,N,,,,,,,
ZOQSUV_clean,8.97796,7.21692,8.97057,1.99998,1715.15,857.582,0,0,0.633,0.316503,0,Zn,Yes,Zn,clean,N,Y,Y,DISORDER,N,,,,,,,
KUXSAZ_clean,8.81598,3.44204,8.80847,1.03643,1657.94,1599.66,0,0,0.6052,0.583926,0,Fe,No, ,clean,Y,Y,Y,DISORDER,N,,,,,,,
YOZYUJ_clean,8.32775,7.35004,8.32775,1.04928,1799.21,1714.71,0,0,0.648,0.617564,0,Zn,Yes,Zn,clean,N,Y,Y,,N,,,,,,,
HEFDON_clean,9.34267,6.30544,9.30322,1.26616,1290.92,1019.56,0,0,0.564,0.445443,0,"Cd,Ba",Yes,"Cd,Ba",clean,Y,Y,Y,,N,,,,,,,
IMUVES_clean,8.07179,5.61744,8.07179,1.74544,2211.17,1266.82,14.5672,8.34584,0.666,0.381565,0,In,Yes,In,clean,Y,Y,Y,DISORDER,N,,,,,,,
PEFRID_clean,9.83364,8.16227,9.74315,1.01836,1671.9,1641.77,0,0,0.6476,0.635927,0,Sm,Yes,Sm,clean,Y,Y,Y,,N,,,,,,,
ICIKAH_clean,8.01757,3.70704,7.93302,1.68308,428.741,254.736,345.699,205.397,0.4804,0.285429,0,Cd,Yes,Cd,clean,Y,Y,Y,DISORDER,N,,,,,,,
VONCIM_clean,9.77811,8.65057,9.76354,1.43585,1122.84,782.003,80.8916,56.3372,0.5904,0.411186,0,Zn,Yes,Zn,clean,N,Y,Y,,N,,,,,,,
URUVUA_clean,9.76128,4.51984,9.76128,1.07567,2198.26,2043.62,0,0,0.6792,0.631422,0,"Cu,Pd",Yes,"Cu,Pd",clean,N,Y,Y,,N,,,,,,,
NIZZIG_clean,8.38921,7.68868,8.37589,1.19762,2072.68,1730.66,0,0,0.6836,0.570798,0,Zn,No, ,clean,Y,Y,Y,,N,,,,,,,
HABCOF_clean,9.97681,7.2596,9.97191,0.933756,2065.72,2212.27,0,0,0.6892,0.738095,0,"Dy,Na,Zn",Yes,"Dy,Zn",clean,Y,Y,Y,DISORDER,N,,,,,,,
XANZAQ06_clean,8.35756,7.91059,8.35756,0.939122,1667.31,1775.39,0,0,0.6656,0.708747,0,Cu,Yes,Cu,clean,N,Y,Y,DISORDER,N,,,,,,,
SURHEU_clean,8.75392,3.85708,8.75392,1.61914,1667.04,1029.58,0,0,0.569,0.351421,0.000123522,Zr,No, ,clean,N,Y,Y,DISORDER,N,,,,,,,
MEFZUU_manual,9.38956,5.60914,9.2442,0.843227,2246.05,2663.63,0,0,0.685,0.812356,0,Mn,Yes,Mn,manual,Y,Y,Y,,N,,,,,,,
NIJZOV_clean,8.62609,7.08161,8.6236,1.5406,1133.11,735.501,0,0,0.5798,0.376347,0,"Cu,Er",Yes,Cu,clean,Y,Y,Y,,N,,,,,,,
RUYTUC_clean,9.67783,7.26872,9.67783,1.16505,1440.32,1236.27,0,0,0.5776,0.495773,0,La,Yes,La,clean,Y,Y,Y,,N,,,,,,,
QUDGED_clean,9.12367,7.3846,9.12367,0.60089,2399.82,3993.78,0,0,0.7754,1.29042,0,Zn,Yes,Zn,clean,Y,Y,Y,,N,,,,,,,
REXFEH_clean,9.20954,5.96123,9.20203,1.33437,1715.88,1285.91,0,0,0.627,0.469885,0,Zn,No, ,clean,Y,Y,Y,,N,,,,,,,
ROKRIU_clean,8.86041,5.19195,8.86041,1.64666,1704.6,1035.19,0,0,0.5902,0.358422,0.000121458,Cu,Yes,Cu,clean,Y,Y,Y,DISORDER,N,,,,,,,
UMIGAA_clean,8.23557,7.15317,8.23557,1.10058,2014.92,1830.78,0,0,0.622,0.565157,0,"Zn,Co",Yes,"Zn,Co",clean,N,Y,Y,,N,,,,,,,
URUWIP_clean,8.03408,7.13721,8.03408,1.22198,1033.12,845.441,0,0,0.5468,0.447469,0,Cu,Yes,Cu,clean,N,Y,Y,,N,,,,,,,
HOFJIX_clean,9.75671,8.56589,9.45457,1.06294,1335.32,1256.25,0,0,0.5826,0.548103,0,"Cu,La",Yes,Cu,clean,Y,Y,Y,,N,,,,,,,
VEHRIL_clean,8.79809,4.02227,8.77595,1.10229,2192.07,1988.65,0,0,0.6908,0.626694,0,Sm,Yes,Sm,clean,Y,Y,Y,,N,,,,,,,
YAHWAI_clean,8.53821,5.48688,8.53821,1.65002,1657.02,1004.24,0,0,0.6194,0.375389,0,Zn,Yes,Zn,clean,N,Y,Y,DISORDER,N,,,,,,,
RUBTAK08_clean,8.7506,3.87613,8.7506,1.62628,1652.91,1016.38,0,0,0.5644,0.347051,0.00012298,Zr,No, ,clean,Y,Y,Y,DISORDER,N,,,,,,,
LAXCUK_clean,8.14792,4.96145,8.14665,0.864341,1801.28,2083.99,0.0118168,0.0136714,0.6332,0.732581,0,"Cu,Zn",Yes,Cu,clean,Y,Y,Y,DISORDER,N,,,,,,,
ZIMLEO_clean,8.8325,4.17886,8.8325,1.13678,2223.09,1955.6,0,0,0.7064,0.621405,0,Dy,Yes,Dy,clean,N,Y,Y,,N,,,,,,,
DOTFID_clean,9.22988,5.76129,9.20339,0.797235,1784.74,2238.66,0,0,0.64,0.802774,0,Cu,Yes,Cu,clean,Y,Y,Y,,N,,,,,,,
LABQAJ_clean,8.83584,6.63857,8.83584,2.01738,1709.46,847.365,0,0,0.6386,0.316549,0,Zn,Yes,Zn,clean,Y,Y,Y,DISORDER,N,,,,,,,
OKOSUE_clean,8.8545,8.04507,8.8545,0.943263,2011.47,2132.46,0,0,0.6862,0.727475,0,Cd,Yes,Cd,clean,Y,Y,Y,,N,,,,,,,
UMOYOM10_clean,9.29709,5.30741,9.29709,0.582563,2853.3,4897.84,0,0,0.748,1.28398,0,Cu,Yes,Cu,clean,N,Y,Y,,N,,,,,,,
SETRAM_clean,8.05582,7.60574,8.05085,0.990751,1790.54,1807.25,0,0,0.6356,0.641533,0,Fe,No, ,clean,N,Y,Y,,N,,,,,,,
IWEWIS_clean,8.35434,5.33584,8.35252,2.50251,1589.74,635.259,0,0,0.5862,0.234245,0,Zn,Yes,Zn,clean,Y,Y,Y,DISORDER,N,,,,,,,
JUYJIY_clean,8.93591,6.40725,8.93528,0.861374,1865.56,2165.8,0,0,0.6744,0.782935,0,Cd,No, ,clean,Y,Y,Y,,N,,,,,,,
XASPEP_clean,8.21663,6.97386,8.21491,1.11162,2036.98,1832.45,0,0,0.6426,0.578078,0,Zn,Yes,Zn,clean,N,Y,Y,,N,,,,,,,
SOHMEI_clean,8.65383,8.02301,8.62464,1.19399,2084.79,1746.06,0,0,0.6688,0.560138,0,Zn,No, ,clean,Y,Y,Y,,N,,,,,,,
KAKCEH01_clean,8.87027,8.43287,8.86098,1.05825,1407.83,1330.34,0,0,0.5852,0.55299,0,Ba,No, ,clean,Y,Y,Y,,N,,,,,,,
c6cc00862c_c6cc00862c2_clean,8.00553,6.19741,8.00553,0.932782,1633.12,1750.81,0,0,0.6212,0.665964,0,Zn,Yes,Zn,clean,Y,N,Y,,Y,VAJFOE,Y,18/12/2015,10.1039/c6cc00862c,"1 SI, 2 Structure",VAJFOE,VAJFOE
AVELUJ_clean,8.10638,4.88927,8.10638,0.902679,1696.47,1879.38,0,0,0.605,0.670227,0,Ni,Yes,Ni,clean,Y,Y,Y,,N,,,,,,,
RONSOC_clean,9.61015,5.51941,9.61015,1.44392,1795.25,1243.32,0,0,0.604,0.418306,0,Fe,No, ,clean,Y,Y,Y,,N,,,,,,,
FITGEW_clean,9.86717,4.17287,8.68985,1.08823,1175.78,1080.45,0,0,0.5382,0.494564,0,Ni,Yes,Ni,clean,Y,Y,Y,,N,,,,,,,
HOMZEP_clean,8.52957,6.78202,7.76045,1.30479,1180.46,904.71,435.839,334.03,0.602,0.461377,0,Ga,Yes,Ga,clean,Y,Y,Y,,N,,,,,,,
NATHOI_clean,8.63265,8.31738,8.63265,0.954966,1909.82,1999.88,0,0,0.6476,0.678139,0,"Zn,Si",No, ,clean,Y,Y,Y,DISORDER,N,,,,,,,
VEHROR_charged,9.13073,3.34226,9.11823,1.31035,1146.74,875.134,0,0,0.574,0.438049,0,La,No, ,charged,N,Y,Y,,N,,,,,,,
WEVQUJ_clean,8.44067,7.27418,8.44067,1.48575,1083.43,729.214,0.77233,0.519826,0.5778,0.388896,0,"Cu,Eu",Yes,Cu,clean,Y,Y,Y,,N,,,,,,,
FATQID_clean,11.53016,8.55287,11.53016,0.606791,2204.88,3633.67,0,0,0.8008,1.31973,0,Cu,Yes,Cu,clean,Y,Y,Y,,N,,,,,,,
LOJFUL_clean,11.50657,8.6404,11.49116,0.609882,1949.87,3197.13,64.2093,105.281,0.7292,1.19564,0,"Na,Zn",Yes,"Na,Zn",clean,Y,Y,Y,,N,,,,,,,
VEWLAM_clean,10.25798,6.23412,9.8049,0.70339,1968.06,2797.96,0,0,0.6656,0.946275,0,Co,Yes,Co,clean,Y,Y,Y,,N,,,,,,,
OFERUN_clean,11.51766,3.43919,11.48105,0.924676,1442.14,1559.62,0,0,0.6416,0.693865,0,Zn,No, ,clean,Y,Y,Y,,N,,,,,,,
ASIVEF_clean,11.85007,7.21214,11.45277,0.623261,2219.01,3560.32,0,0,0.7618,1.22228,0,Cu,Yes,Cu,clean,Y,Y,Y,DISORDER,N,,,,,,,
UMODEH23_clean,11.15907,5.34276,11.15907,0.535598,2770.05,5171.89,0,0,0.7696,1.4369,0,Cu,Yes,Cu,clean,N,Y,Y,,N,,,,,,,
BEPMIU_clean,10.07029,9.95473,10.07029,1.02149,1143.41,1119.35,0,0,0.6036,0.590899,0,Zn,No, ,clean,Y,Y,Y,,N,,,,,,,
KOSMAI_clean,11.0184,9.87166,11.0184,1.18797,1537.56,1294.27,0,0,0.6322,0.532166,0,Co,Yes,Co,clean,Y,Y,Y,,N,,,,,,,
WOPSOL_clean,10.90058,10.69127,10.90058,1.17453,1540.78,1311.82,0,0,0.6378,0.543023,0,Fe,Yes,Fe,clean,N,Y,Y,,N,,,,,,,
KOSKIO_clean,11.01742,9.84741,11.01742,1.18828,1532.31,1289.52,0,0,0.6324,0.5322,0,Co,Yes,Co,clean,Y,Y,Y,,N,,,,,,,
NIGPEA_clean,10.42385,9.24875,10.42385,0.730648,2142,2931.64,0,0,0.6842,0.936428,0,Co,Yes,Co,clean,Y,Y,Y,,N,,,,,,,
ja204757x_si_003_clean,11.34993,3.11942,11.34993,0.934021,0,0,1402.25,1501.3,0.6288,0.673219,0,Zn,No, ,clean,Y,N,Y,DISORDER,Y,UZEWUS,Y,04/10/2011,10.1021/ja204757x,"1 SI, 1 Structure",UZEWUS,
IYIHUU_manual,11.83739,10.43961,11.83739,0.634446,2047.9,3227.86,0,0,0.7402,1.16669,0,Zn,Yes,Zn,manual,Y,Y,Y,DISORDER,N,,,,,,,
LOFJAT_clean,11.75384,5.77917,10.9055,0.7403,2339.25,3159.86,0,0,0.728,0.983385,0,Cu,Yes,Cu,clean,Y,Y,Y,DISORDER,N,,,,,,,
RACHUA_clean,10.9643,9.26908,10.9643,0.761133,2031.27,2668.75,0,0,0.7024,0.922834,0,Zn,Yes,Zn,clean,Y,Y,Y,,N,,,,,,,
CEHLAD_clean,10.21413,5.8901,10.08749,0.853623,2217.93,2598.26,0,0,0.735,0.861036,0,Zn,Yes,Zn,clean,Y,Y,Y,,N,,,,,,,
FUSMOW_clean,10.54817,9.56428,10.54817,1.03431,1651.72,1596.94,0,0,0.643,0.621671,0,Ag,Yes,Ag,clean,Y,Y,Y,,N,,,,,,,
VUKSAX_clean,10.78925,9.42624,10.78325,0.664624,1937.19,2914.72,0,0,0.7148,1.0755,0,Ni,No, ,clean,N,Y,Y,,N,,,,,,,
IBUBIT_clean,11.26336,10.79912,11.26336,0.878987,1904.31,2166.48,0,0,0.7036,0.800467,0,Zn,Yes,Zn,clean,Y,Y,Y,,N,,,,,,,
ERAMOB_clean,11.82373,11.24071,11.82373,0.863356,1966.05,2277.21,0,0,0.6972,0.807546,0.000463308,Zr,Yes,Zr,clean,Y,Y,Y,DISORDER,N,,,,,,,
ja411887c_si_002_clean,11.91912,9.14993,11.89973,0.619221,2306.85,3725.41,0,0,0.7606,1.22832,0,Zn,Yes,Zn,clean,Y,N,Y,,Y,ONUCIL,Y,14/06/2016,10.1021/ja411887c,"1 SI, 1 Structure",ONUCIL,
HUPQIU_clean,11.12952,5.24741,11.12952,1.02735,1615.52,1572.51,0,0,0.5816,0.566115,0,Zn,Yes,Zn,clean,Y,Y,Y,,N,,,,,,,
TETZEZ_clean,10.62365,6.73057,10.03707,0.736025,1901.4,2583.34,0,0,0.6844,0.92986,0,Zn,Yes,Zn,clean,Y,Y,Y,,N,,,,,,,
TOBJUR_clean,10.64745,9.47902,10.64745,1.06964,1632.11,1525.85,0,0,0.6686,0.625069,0,Eu,Yes,Eu,clean,N,Y,Y,,N,,,,,,,
AMIMEP_clean,11.21563,10.87494,11.21563,0.985981,1260.64,1278.57,0,0,0.6026,0.611168,0,Zn,Yes,Zn,clean,Y,Y,Y,,N,,,,,,,
UKIQIP_clean,10.57455,7.52574,10.57455,0.823179,2075.57,2521.41,0,0,0.6786,0.824365,0,Mn,Yes,Mn,clean,Y,Y,Y,,N,,,,,,,
ja5131269_si_002_clean,10.86981,8.81904,10.86239,0.665683,2359.22,3544.05,0,0,0.7502,1.12696,0,Zn,No, ,clean,Y,N,Y,,Y,RUBBOH,Y,12/03/2015,10.1021/ja5131269,"1 SI, 1 Structure",RUBBOH,
CAXTAY_clean,10.46003,5.71128,10.46003,0.724219,2006.33,2770.34,0,0,0.6846,0.945294,0,Al,No, ,clean,Y,Y,Y,,N,,,,,,,
RULMUI_clean,10.9139,7.22994,10.52372,0.830637,1922.02,2313.91,0,0,0.6682,0.804443,0,Zn,Yes,Zn,clean,Y,Y,Y,DISORDER,N,,,,,,,
GAZZIS04_charged,11.31495,8.02511,11.31495,0.701206,1844.81,2630.91,0,0,0.6916,0.986301,0,In,Yes,In,charged,Y,Y,Y,,N,,,,,,,
MUDLON_clean,10.7008,8.31199,10.7008,0.628411,1977.63,3147.04,0,0,0.7012,1.11583,0,Mg,Yes,Mg,clean,Y,Y,Y,,N,,,,,,,
LOVLEP_clean,10.42908,4.04603,10.42903,1.5407,1428.2,926.981,0,0,0.5884,0.381905,0,"W,Cu",Yes,"W,Cu",clean,Y,Y,Y,,N,,,,,,,
GAHWIX_clean,10.08038,7.17794,10.08038,0.589363,2617.83,4441.79,0,0,0.7728,1.31125,0,Zn,Yes,Zn,clean,Y,Y,Y,,N,,,,,,,
WEXSEZ_clean,10.86576,4.1334,10.86576,1.02008,1886.77,1849.62,0,0,0.6346,0.622107,0,Zn,Yes,Zn,clean,N,Y,Y,DISORDER,N,,,,,,,
ODEZAB_clean,11.63192,4.40592,11.61962,0.799101,2103.64,2632.5,6.44431,8.06445,0.6938,0.868225,0,Cu,Yes,Cu,clean,Y,Y,Y,,N,,,,,,,
XUDPIX_clean,11.39057,6.9563,11.17218,0.55889,2521.72,4512,0,0,0.7746,1.38596,0,Cu,Yes,Cu,clean,N,Y,Y,,N,,,,,,,
c5dt01100k_c5dt01100k2_clean,10.14478,9.16125,10.14478,1.64843,1361.9,826.183,0,0,0.588,0.356703,0,Cd,Yes,Cd,clean,Y,N,Y,DISORDER,N,,Y,02/03/2015,10.1039/c5dt01100k,"1 SI, 1 Structure",WUHMAP,
DAFYOB_clean,10.04293,8.51588,10.03567,0.702304,2308.4,3286.89,0,0,0.7318,1.042,0,Mg,Yes,Mg,clean,Y,Y,Y,,N,,,,,,,
VAGBUD_clean,10.23495,9.48231,10.23335,1.57268,1211.54,770.363,0,0,0.5868,0.37312,0,"Cu,Gd",Yes,"Cu,Gd",clean,N,Y,Y,,N,,,,,,,
TAKGOE_clean,10.5248,9.55919,10.5248,1.53175,1232.21,804.446,0,0,0.5862,0.3827,0,"Cu,La",Yes,Cu,clean,N,Y,Y,,N,,,,,,,
GESBUC_charged,11.6643,6.15098,11.6643,1.20476,1631.32,1354.07,0,0,0.6028,0.50035,0.000664034,"Na,Mn",No, ,charged,Y,Y,Y,,N,,,,,,,
DOPHUN_clean,12.13355,5.61514,12.13355,0.984545,1406.36,1428.44,392.743,398.909,0.6676,0.67808,0,Cu,Yes,Cu,clean,Y,Y,Y,,N,,,,,,,
jp2064408_si_002_clean,12.93309,6.73336,12.93309,0.876804,2105.23,2401.03,0,0,0.7182,0.819111,0,Zn,Yes,Zn,clean,Y,N,Y,,Y,HANHAH,Y,"	21/11/2011",10.1021/jp2064408,"1 SI, 1 Structure",HANHAH,
ANUGIA_clean,13.85309,6.75838,13.85309,0.567973,2306.32,4060.62,0,0,0.7948,1.39936,0,Cu,Yes,Cu,clean,Y,Y,Y,,N,,,,,,,
FAYQAZ_clean,13.25092,5.37829,12.95797,0.797039,1583.25,1986.41,0,0,0.6806,0.85391,0,Zn,Yes,Zn,clean,Y,Y,Y,,N,,,,,,,
BAZJET_clean,13.37019,12.10117,13.37019,0.621294,2143.77,3450.5,0,0,0.742,1.19428,0,Mn,Yes,Mn,clean,Y,Y,Y,,N,,,,,,,
HUQHUY_clean,12.11698,9.08074,12.11414,0.619951,1818.86,2933.88,0,0,0.7208,1.16267,0,Zn,Yes,Zn,clean,Y,Y,Y,,N,,,,,,,
la4012839_si_002_auto,13.36908,6.74856,13.36908,0.867921,2110.92,2432.16,0,0,0.7182,0.827495,0,Zn,Yes,Zn,auto,Y,N,Y,,N,,N,,,,,
CUVHIL01_clean,12.86501,12.02225,12.84969,1.66038,1437.07,865.505,0,0,0.642,0.386658,0,Nd,Yes,Nd,clean,Y,Y,Y,,N,,,,,,,
cg400449c_si_001_clean,12.65792,7.41339,12.43712,0.667569,2346.54,3515.05,0,0,0.7554,1.13157,0,Cu,Yes,Cu,clean,Y,N,Y,,Y,KIRFOI,Y,20/02/2013,10.1021/cg400449c,"1 SI, 1 Structure",KIRFOI,
QOGPIM_clean,12.64784,4.86083,12.64784,0.990851,1164.4,1175.15,1.09776,1.1079,0.5774,0.582731,0,Zn,No, ,clean,Y,Y,Y,DISORDER,N,,,,,,,
MATXAJ_clean,12.50004,9.04853,12.40632,0.6224,2078.93,3340.18,0,0,0.775,1.24518,0,Zn,Yes,Zn,clean,Y,Y,Y,,N,,,,,,,
HAJMIQ_clean,13.26244,6.64572,13.26244,0.873197,2121.07,2429.08,0,0,0.7212,0.825931,0,Cu,Yes,Cu,clean,Y,Y,Y,,N,,,,,,,
UVIPIZ_clean,13.16154,6.50431,13.16154,0.868575,2146.52,2471.31,0,0,0.7192,0.828023,0,Cu,Yes,Cu,clean,N,Y,Y,,N,,,,,,,
QAFDOQ_clean,12.30607,3.33357,12.30607,1.33776,1356.68,1014.14,0,0,0.6018,0.449855,0,"Sn,Ni",Yes,Ni,clean,Y,Y,Y,DISORDER,N,,,,,,,
c5cc09935h_c5cc09935h2_clean,12.43011,5.54656,12.43011,1.34061,1862.24,1389.1,0,0,0.6814,0.508277,0.000596744,Zn,No, ,clean,Y,N,Y,DISORDER,Y,WUYNOV,Y,"	02/12/2015",10.1039/c5cc09935h,"1 SI, 1 Structure",WUYNOV,
CUVHIL02_clean_h,12.81562,12.03113,12.80804,1.65786,1432.65,864.159,0,0,0.6442,0.388573,0,Nd,Yes,Nd,clean_h,N,Y,Y,,N,,,,,,,
QAQMON_clean,13.97996,12.87565,13.97503,0.607595,2338.25,3848.36,0,0,0.7644,1.25807,0,Cu,Yes,Cu,clean,Y,Y,Y,,N,,,,,,,
XAMDUM04_clean,12.94074,6.40333,12.94074,0.919994,2127.62,2312.64,0,0,0.711,0.772831,0,Cu,Yes,Cu,clean,Y,Y,Y,,N,,,,,,,
TADWEC_manual,12.9835,12.22348,12.9835,0.782876,1609.55,2055.94,0,0,0.6462,0.825418,0,Zn,Yes,Zn,manual,Y,Y,Y,,N,,,,,,,
ja074366osi20070816_031204_clean,15.02646,7.9821,15.02646,0.595037,2203.3,3702.8,0,0,0.8104,1.36193,0,Zn,No, ,clean,Y,N,Y,,Y,NIRZAQ,Y,09/01/2008,10.1021/ja074366o,"1 SI, 1 Structure",NIRZAQ,
VUSKAW_clean,14.98828,7.97019,14.98828,0.594675,2204.82,3707.61,0,0,0.8008,1.34662,0,Zn,No, ,clean,Y,Y,Y,,N,,,,,,,
IYUQEZ_clean,14.23268,4.75487,14.22709,0.637403,1240.77,1946.61,289.582,454.315,0.6812,1.06871,0,Na,Yes,Na,clean,Y,Y,Y,,N,,,,,,,
IYUQID_clean,15.09176,9.842,15.04915,0.561619,1319.58,2349.59,286.013,509.264,0.7206,1.28308,0,Na,Yes,Na,clean,Y,Y,Y,,N,,,,,,,
YOZCEW_clean,14.22468,12.71779,14.22468,1.07415,1394.66,1298.38,0,0,0.625,0.581853,0,Zn,Yes,Zn,clean,N,Y,Y,DISORDER,N,,,,,,,
RANCEQ_clean,14.1625,12.23837,14.01017,0.445038,1622.66,3646.11,0,0,0.8192,1.84074,0,Zn,No, ,clean,Y,Y,Y,DISORDER,N,,,,,,,
AQOLID_clean,15.46142,7.44821,15.40352,1.15975,1222.53,1054.13,396.899,342.228,0.6494,0.559948,0,Co,Yes,Co,clean,Y,Y,Y,,N,,,,,,,
OHUMEL_clean,14.09837,12.86508,14.09837,0.808879,1803.58,2229.73,0.123257,0.15238,0.8014,0.990754,0,"Mo,Zn",Yes,Mo,clean,Y,Y,Y,,N,,,,,,,
c5ta10401g_c5ta10401g2_clean,14.85471,7.46744,14.85471,1.26266,2073.8,1642.41,0,0,0.737,0.583689,0.000158396,Hf,No, ,clean,Y,N,Y,DISORDER,Y,TAKCAM,Y,16/12/2015,10.1039/c5ta10401g,"1 SI, 2 Structure",TAKCAM,TAKCAM
OVEDAW_clean,14.39297,11.63509,13.75062,0.650011,1976.09,3040.09,0,0,0.8048,1.23813,0,Cu,Yes,Cu,clean,Y,Y,Y,DISORDER,N,,,,,,,
JOYKUF_clean,15.8468,15.75155,15.8468,0.656923,1385.91,2109.7,0,0,0.7706,1.17304,0,Mn,Yes,Mn,clean,Y,Y,Y,,N,,,,,,,
KUNSUJ_clean,17.88791,6.52688,17.88791,0.635531,1938.63,3050.41,0,0,0.7634,1.2012,0,"In,Eu",Yes,In,clean,Y,Y,Y,,N,,,,,,,
XUFYEE_clean,16.79092,3.56449,16.79092,0.69015,1946.61,2820.56,0,0,0.6888,0.998044,0,Mg,Yes,Mg,clean,N,Y,Y,DISORDER,N,,,,,,,
FALBAX_manual,16.15249,9.49143,16.1486,0.447193,2181.58,4878.38,0,0,0.8038,1.79743,0,Co,No, ,manual,Y,Y,Y,,N,,,,,,,
GEBPEK_clean,17.98452,9.34908,17.98452,0.462491,1934.3,4182.35,0,0,0.837,1.80977,0,Zn,No, ,clean,Y,Y,Y,DISORDER,N,,,,,,,
YABHIV_clean,17.95239,10.63646,17.95239,0.600011,2087.15,3478.52,0,0,0.8014,1.33564,0,Ni,Yes,Ni,clean,N,Y,Y,DISORDER,N,,,,,,,
WAHNOL_clean,16.15521,7.17077,16.15521,0.498613,2156.59,4325.17,0,0,0.7774,1.55913,0,Cu,Yes,Cu,clean,N,Y,Y,,N,,,,,,,
FORTUD_clean,17.46562,10.38181,17.46523,0.786041,1513.55,1925.54,116.509,148.223,0.691,0.879089,0,Zn,Yes,Zn,clean,Y,Y,Y,,N,,,,,,,
DOZCEC_clean,19.11403,11.74027,19.11403,0.458248,1880.45,4103.57,0,0,0.8106,1.76891,0,Mn,Yes,Mn,clean,Y,Y,Y,,N,,,,,,,
IZOWAW_clean,18.94727,10.51321,18.93676,1.00603,1791.25,1780.51,0.0981256,0.0975376,0.7888,0.784073,0,"Mo,Zn",Yes,"Mo,Zn",clean,Y,Y,Y,,N,,,,,,,
BIHBAX_clean,18.57439,17.55669,18.57439,0.321672,1460.76,4541.16,0,0,0.8984,2.79291,0,"Ag,Cr",Yes,"Ag,Cr",clean,Y,Y,Y,,N,,,,,,,
ECOKAJ_clean,18.9972,17.57546,18.98876,0.325331,1156.9,3556.08,0,0,0.873,2.68342,0,Zn,Yes,Zn,clean,Y,Y,Y,,N,,,,,,,
YENLUA_ion_b,21.49217,18.9061,21.49217,0.794834,1364.82,1717.11,0.605784,0.762152,0.7146,0.899055,0,"Cu,Na,Mn",Yes,"Cu,Na",ion_b,N,Y,Y,,N,,,,,,,
GAQYIH_clean,20.25844,8.96976,15.7736,0.559917,2127.26,3799.24,0,0,0.8486,1.51558,0,Cd,Yes,Cd,clean,Y,Y,Y,,N,,,,,,,
CAVPEW_manual,20.25907,7.7782,20.25907,0.40269,1930.55,4794.14,0,0,0.8198,2.03581,0,Co,No, ,manual,Y,Y,Y,,N,,,,,,,
SOKXOH_clean,22.96741,14.74434,21.68942,0.423627,1862.02,4395.43,0,0,0.8094,1.91064,0,"Cu,Co",Yes,"Cu,Co",clean,Y,Y,Y,DISORDER,N,,,,,,,
GUPBEZ02_clean,23.87093,10.84779,23.87093,0.911245,1630.75,1789.58,0,0,0.8024,0.880553,0,Cu,Yes,Cu,clean,Y,Y,Y,,N,,,,,,,
ja403810k_si_002_clean,24.11444,19.56277,24.11444,0.396669,1099.67,2772.25,0,0,0.86,2.16806,0,Zn,Yes,Zn,clean,Y,N,Y,,Y,TOCJAY,Y,20/02/2014,10.1021/ja403810k,"1 SI, 1 Structure",TOCJAY,
ADATAC_clean,26.33515,10.27637,16.37091,0.33727,1729.95,5129.28,0,0,0.871,2.5825,0,Zn,Yes,Zn,clean,Y,Y,Y,,N,,,,,,,
CIGXIA_manual,28.48677,11.8329,28.48274,0.684425,1325.74,1937.02,47.85,69.9127,0.7628,1.11451,0,Fe,Yes,Fe,manual,Y,Y,Y,,N,,,,,,,
